"","plant_code","mass_g","site","treatment","greenhouse","leaves_total","leaves_herbivory","proportion_herbivory","month","n.obs","X","lat","lon","ele_m","garden_area_m2","num_of_gardenplots","percent_dev_2km","percent_dev_200m","percent_dev_1km","percent_dev_500m","crop_pasture_2km","crop_pasture_200m","crop_pasture_500m","area_km2","country_code","Population.to.polygon.size.rating.for.the.country","Apportionment.confidence.for.the.country","Has.data","pop_den_2022","pop_tot_2022","med_networth_2022","med_houseincome_2022","med_dispincome_2022","tot_households_2022","wealth_index_2022","diversity_index_2022","tot_housingunits_2022","homeowners_growthRate_22_27","renter_hh_2020","tot_businesses_2022","poverty_index_2020","crime_index_2022","renter_occ_Hus_2022","med_age_2022","med_homevalue_2022","mean_homevalue_2022","pop_BA_2022","pop_gradDegree_2022","imp200m","imp500m","imp1km","imp1.5km","imp2km","n.obs.herb","n.obs.pred","n.obs.pol","bee.rare.richness","bee.shannon","bee.simpson","scaled_wealth_index_2022","pepper.obs"
"1","Foo-001",15.1804,"Foothills","uncovered","midroom",79,4,0.05063291139,"August",155,1,40.0547453,-105.28676,1692,3426.24,46,13.47883,28.64789,28.96302,30.13758,0.37958454,11.45916,5.729578,3.01559595,"US",2.191,2.576,1,4053.9,4720,215783,93879,76847,1883,163,69.3,2080,0.38,543,241,61.83,54,582,39.6,676262,677248,1028,1076,30.8461538461538,27.958110516934,25.4961555857078,20.4439,15.7138368308832,9,6,35,7,4.29637363881851,3.16901408450704,-0.161871273035703,15
"2","Foo-001",15.1804,"Foothills","uncovered","midroom",79,4,0.05063291139,"July",187,1,40.0547453,-105.28676,1692,3426.24,46,13.47883,28.64789,28.96302,30.13758,0.37958454,11.45916,5.729578,3.01559595,"US",2.191,2.576,1,4053.9,4720,215783,93879,76847,1883,163,69.3,2080,0.38,543,241,61.83,54,582,39.6,676262,677248,1028,1076,30.8461538461538,27.958110516934,25.4961555857078,20.4439,15.7138368308832,27,10,79,12,5.36083976017927,3.91327913279133,-0.161871273035703,15
"3","Foo-001",15.1804,"Foothills","uncovered","midroom",79,4,0.05063291139,"June",375,1,40.0547453,-105.28676,1692,3426.24,46,13.47883,28.64789,28.96302,30.13758,0.37958454,11.45916,5.729578,3.01559595,"US",2.191,2.576,1,4053.9,4720,215783,93879,76847,1883,163,69.3,2080,0.38,543,241,61.83,54,582,39.6,676262,677248,1028,1076,30.8461538461538,27.958110516934,25.4961555857078,20.4439,15.7138368308832,28,30,10,6,5.74234749205346,5.44444444444444,-0.161871273035703,15
"4","Foo-002",13.093,"Foothills","uncovered","midroom",78,8,0.1025641026,"August",155,1,40.0547453,-105.28676,1692,3426.24,46,13.47883,28.64789,28.96302,30.13758,0.37958454,11.45916,5.729578,3.01559595,"US",2.191,2.576,1,4053.9,4720,215783,93879,76847,1883,163,69.3,2080,0.38,543,241,61.83,54,582,39.6,676262,677248,1028,1076,30.8461538461538,27.958110516934,25.4961555857078,20.4439,15.7138368308832,9,6,35,7,4.29637363881851,3.16901408450704,-0.161871273035703,3
"5","Foo-002",13.093,"Foothills","uncovered","midroom",78,8,0.1025641026,"July",187,1,40.0547453,-105.28676,1692,3426.24,46,13.47883,28.64789,28.96302,30.13758,0.37958454,11.45916,5.729578,3.01559595,"US",2.191,2.576,1,4053.9,4720,215783,93879,76847,1883,163,69.3,2080,0.38,543,241,61.83,54,582,39.6,676262,677248,1028,1076,30.8461538461538,27.958110516934,25.4961555857078,20.4439,15.7138368308832,27,10,79,12,5.36083976017927,3.91327913279133,-0.161871273035703,3
"6","Foo-002",13.093,"Foothills","uncovered","midroom",78,8,0.1025641026,"June",375,1,40.0547453,-105.28676,1692,3426.24,46,13.47883,28.64789,28.96302,30.13758,0.37958454,11.45916,5.729578,3.01559595,"US",2.191,2.576,1,4053.9,4720,215783,93879,76847,1883,163,69.3,2080,0.38,543,241,61.83,54,582,39.6,676262,677248,1028,1076,30.8461538461538,27.958110516934,25.4961555857078,20.4439,15.7138368308832,28,30,10,6,5.74234749205346,5.44444444444444,-0.161871273035703,3
"7","Foo-003",18.80905,"Foothills","uncovered","midroom",109,12,0.1100917431,"August",155,1,40.0547453,-105.28676,1692,3426.24,46,13.47883,28.64789,28.96302,30.13758,0.37958454,11.45916,5.729578,3.01559595,"US",2.191,2.576,1,4053.9,4720,215783,93879,76847,1883,163,69.3,2080,0.38,543,241,61.83,54,582,39.6,676262,677248,1028,1076,30.8461538461538,27.958110516934,25.4961555857078,20.4439,15.7138368308832,9,6,35,7,4.29637363881851,3.16901408450704,-0.161871273035703,6
"8","Foo-003",18.80905,"Foothills","uncovered","midroom",109,12,0.1100917431,"July",187,1,40.0547453,-105.28676,1692,3426.24,46,13.47883,28.64789,28.96302,30.13758,0.37958454,11.45916,5.729578,3.01559595,"US",2.191,2.576,1,4053.9,4720,215783,93879,76847,1883,163,69.3,2080,0.38,543,241,61.83,54,582,39.6,676262,677248,1028,1076,30.8461538461538,27.958110516934,25.4961555857078,20.4439,15.7138368308832,27,10,79,12,5.36083976017927,3.91327913279133,-0.161871273035703,6
"9","Foo-003",18.80905,"Foothills","uncovered","midroom",109,12,0.1100917431,"June",375,1,40.0547453,-105.28676,1692,3426.24,46,13.47883,28.64789,28.96302,30.13758,0.37958454,11.45916,5.729578,3.01559595,"US",2.191,2.576,1,4053.9,4720,215783,93879,76847,1883,163,69.3,2080,0.38,543,241,61.83,54,582,39.6,676262,677248,1028,1076,30.8461538461538,27.958110516934,25.4961555857078,20.4439,15.7138368308832,28,30,10,6,5.74234749205346,5.44444444444444,-0.161871273035703,6
"10","Foo-004",14.258,"Foothills","uncovered","backroom",64,9,0.140625,"August",155,1,40.0547453,-105.28676,1692,3426.24,46,13.47883,28.64789,28.96302,30.13758,0.37958454,11.45916,5.729578,3.01559595,"US",2.191,2.576,1,4053.9,4720,215783,93879,76847,1883,163,69.3,2080,0.38,543,241,61.83,54,582,39.6,676262,677248,1028,1076,30.8461538461538,27.958110516934,25.4961555857078,20.4439,15.7138368308832,9,6,35,7,4.29637363881851,3.16901408450704,-0.161871273035703,8
"11","Foo-004",14.258,"Foothills","uncovered","backroom",64,9,0.140625,"July",187,1,40.0547453,-105.28676,1692,3426.24,46,13.47883,28.64789,28.96302,30.13758,0.37958454,11.45916,5.729578,3.01559595,"US",2.191,2.576,1,4053.9,4720,215783,93879,76847,1883,163,69.3,2080,0.38,543,241,61.83,54,582,39.6,676262,677248,1028,1076,30.8461538461538,27.958110516934,25.4961555857078,20.4439,15.7138368308832,27,10,79,12,5.36083976017927,3.91327913279133,-0.161871273035703,8
"12","Foo-004",14.258,"Foothills","uncovered","backroom",64,9,0.140625,"June",375,1,40.0547453,-105.28676,1692,3426.24,46,13.47883,28.64789,28.96302,30.13758,0.37958454,11.45916,5.729578,3.01559595,"US",2.191,2.576,1,4053.9,4720,215783,93879,76847,1883,163,69.3,2080,0.38,543,241,61.83,54,582,39.6,676262,677248,1028,1076,30.8461538461538,27.958110516934,25.4961555857078,20.4439,15.7138368308832,28,30,10,6,5.74234749205346,5.44444444444444,-0.161871273035703,8
"13","Foo-005",15.749625,"Foothills","uncovered","backroom",132,14,0.1060606061,"August",155,1,40.0547453,-105.28676,1692,3426.24,46,13.47883,28.64789,28.96302,30.13758,0.37958454,11.45916,5.729578,3.01559595,"US",2.191,2.576,1,4053.9,4720,215783,93879,76847,1883,163,69.3,2080,0.38,543,241,61.83,54,582,39.6,676262,677248,1028,1076,30.8461538461538,27.958110516934,25.4961555857078,20.4439,15.7138368308832,9,6,35,7,4.29637363881851,3.16901408450704,-0.161871273035703,8
"14","Foo-005",15.749625,"Foothills","uncovered","backroom",132,14,0.1060606061,"July",187,1,40.0547453,-105.28676,1692,3426.24,46,13.47883,28.64789,28.96302,30.13758,0.37958454,11.45916,5.729578,3.01559595,"US",2.191,2.576,1,4053.9,4720,215783,93879,76847,1883,163,69.3,2080,0.38,543,241,61.83,54,582,39.6,676262,677248,1028,1076,30.8461538461538,27.958110516934,25.4961555857078,20.4439,15.7138368308832,27,10,79,12,5.36083976017927,3.91327913279133,-0.161871273035703,8
"15","Foo-005",15.749625,"Foothills","uncovered","backroom",132,14,0.1060606061,"June",375,1,40.0547453,-105.28676,1692,3426.24,46,13.47883,28.64789,28.96302,30.13758,0.37958454,11.45916,5.729578,3.01559595,"US",2.191,2.576,1,4053.9,4720,215783,93879,76847,1883,163,69.3,2080,0.38,543,241,61.83,54,582,39.6,676262,677248,1028,1076,30.8461538461538,27.958110516934,25.4961555857078,20.4439,15.7138368308832,28,30,10,6,5.74234749205346,5.44444444444444,-0.161871273035703,8
"16","Foo-007",9.827,"Foothills","covered","backroom",149,11,0.07382550336,"August",155,1,40.0547453,-105.28676,1692,3426.24,46,13.47883,28.64789,28.96302,30.13758,0.37958454,11.45916,5.729578,3.01559595,"US",2.191,2.576,1,4053.9,4720,215783,93879,76847,1883,163,69.3,2080,0.38,543,241,61.83,54,582,39.6,676262,677248,1028,1076,30.8461538461538,27.958110516934,25.4961555857078,20.4439,15.7138368308832,9,6,35,7,4.29637363881851,3.16901408450704,-0.161871273035703,2
"17","Foo-007",9.827,"Foothills","covered","backroom",149,11,0.07382550336,"July",187,1,40.0547453,-105.28676,1692,3426.24,46,13.47883,28.64789,28.96302,30.13758,0.37958454,11.45916,5.729578,3.01559595,"US",2.191,2.576,1,4053.9,4720,215783,93879,76847,1883,163,69.3,2080,0.38,543,241,61.83,54,582,39.6,676262,677248,1028,1076,30.8461538461538,27.958110516934,25.4961555857078,20.4439,15.7138368308832,27,10,79,12,5.36083976017927,3.91327913279133,-0.161871273035703,2
"18","Foo-007",9.827,"Foothills","covered","backroom",149,11,0.07382550336,"June",375,1,40.0547453,-105.28676,1692,3426.24,46,13.47883,28.64789,28.96302,30.13758,0.37958454,11.45916,5.729578,3.01559595,"US",2.191,2.576,1,4053.9,4720,215783,93879,76847,1883,163,69.3,2080,0.38,543,241,61.83,54,582,39.6,676262,677248,1028,1076,30.8461538461538,27.958110516934,25.4961555857078,20.4439,15.7138368308832,28,30,10,6,5.74234749205346,5.44444444444444,-0.161871273035703,2
"19","Foo-008",14.3302857142857,"Foothills","covered","backroom",78,12,0.1538461538,"August",155,1,40.0547453,-105.28676,1692,3426.24,46,13.47883,28.64789,28.96302,30.13758,0.37958454,11.45916,5.729578,3.01559595,"US",2.191,2.576,1,4053.9,4720,215783,93879,76847,1883,163,69.3,2080,0.38,543,241,61.83,54,582,39.6,676262,677248,1028,1076,30.8461538461538,27.958110516934,25.4961555857078,20.4439,15.7138368308832,9,6,35,7,4.29637363881851,3.16901408450704,-0.161871273035703,7
"20","Foo-008",14.3302857142857,"Foothills","covered","backroom",78,12,0.1538461538,"July",187,1,40.0547453,-105.28676,1692,3426.24,46,13.47883,28.64789,28.96302,30.13758,0.37958454,11.45916,5.729578,3.01559595,"US",2.191,2.576,1,4053.9,4720,215783,93879,76847,1883,163,69.3,2080,0.38,543,241,61.83,54,582,39.6,676262,677248,1028,1076,30.8461538461538,27.958110516934,25.4961555857078,20.4439,15.7138368308832,27,10,79,12,5.36083976017927,3.91327913279133,-0.161871273035703,7
"21","Foo-008",14.3302857142857,"Foothills","covered","backroom",78,12,0.1538461538,"June",375,1,40.0547453,-105.28676,1692,3426.24,46,13.47883,28.64789,28.96302,30.13758,0.37958454,11.45916,5.729578,3.01559595,"US",2.191,2.576,1,4053.9,4720,215783,93879,76847,1883,163,69.3,2080,0.38,543,241,61.83,54,582,39.6,676262,677248,1028,1076,30.8461538461538,27.958110516934,25.4961555857078,20.4439,15.7138368308832,28,30,10,6,5.74234749205346,5.44444444444444,-0.161871273035703,7
"22","Foo-009",14.7432,"Foothills","covered","midroom",66,5,0.07575757576,"August",155,1,40.0547453,-105.28676,1692,3426.24,46,13.47883,28.64789,28.96302,30.13758,0.37958454,11.45916,5.729578,3.01559595,"US",2.191,2.576,1,4053.9,4720,215783,93879,76847,1883,163,69.3,2080,0.38,543,241,61.83,54,582,39.6,676262,677248,1028,1076,30.8461538461538,27.958110516934,25.4961555857078,20.4439,15.7138368308832,9,6,35,7,4.29637363881851,3.16901408450704,-0.161871273035703,10
"23","Foo-009",14.7432,"Foothills","covered","midroom",66,5,0.07575757576,"July",187,1,40.0547453,-105.28676,1692,3426.24,46,13.47883,28.64789,28.96302,30.13758,0.37958454,11.45916,5.729578,3.01559595,"US",2.191,2.576,1,4053.9,4720,215783,93879,76847,1883,163,69.3,2080,0.38,543,241,61.83,54,582,39.6,676262,677248,1028,1076,30.8461538461538,27.958110516934,25.4961555857078,20.4439,15.7138368308832,27,10,79,12,5.36083976017927,3.91327913279133,-0.161871273035703,10
"24","Foo-009",14.7432,"Foothills","covered","midroom",66,5,0.07575757576,"June",375,1,40.0547453,-105.28676,1692,3426.24,46,13.47883,28.64789,28.96302,30.13758,0.37958454,11.45916,5.729578,3.01559595,"US",2.191,2.576,1,4053.9,4720,215783,93879,76847,1883,163,69.3,2080,0.38,543,241,61.83,54,582,39.6,676262,677248,1028,1076,30.8461538461538,27.958110516934,25.4961555857078,20.4439,15.7138368308832,28,30,10,6,5.74234749205346,5.44444444444444,-0.161871273035703,10
"25","Foo-010",12.9272,"Foothills","covered","backroom",99,9,0.09090909091,"August",155,1,40.0547453,-105.28676,1692,3426.24,46,13.47883,28.64789,28.96302,30.13758,0.37958454,11.45916,5.729578,3.01559595,"US",2.191,2.576,1,4053.9,4720,215783,93879,76847,1883,163,69.3,2080,0.38,543,241,61.83,54,582,39.6,676262,677248,1028,1076,30.8461538461538,27.958110516934,25.4961555857078,20.4439,15.7138368308832,9,6,35,7,4.29637363881851,3.16901408450704,-0.161871273035703,5
"26","Foo-010",12.9272,"Foothills","covered","backroom",99,9,0.09090909091,"July",187,1,40.0547453,-105.28676,1692,3426.24,46,13.47883,28.64789,28.96302,30.13758,0.37958454,11.45916,5.729578,3.01559595,"US",2.191,2.576,1,4053.9,4720,215783,93879,76847,1883,163,69.3,2080,0.38,543,241,61.83,54,582,39.6,676262,677248,1028,1076,30.8461538461538,27.958110516934,25.4961555857078,20.4439,15.7138368308832,27,10,79,12,5.36083976017927,3.91327913279133,-0.161871273035703,5
"27","Foo-010",12.9272,"Foothills","covered","backroom",99,9,0.09090909091,"June",375,1,40.0547453,-105.28676,1692,3426.24,46,13.47883,28.64789,28.96302,30.13758,0.37958454,11.45916,5.729578,3.01559595,"US",2.191,2.576,1,4053.9,4720,215783,93879,76847,1883,163,69.3,2080,0.38,543,241,61.83,54,582,39.6,676262,677248,1028,1076,30.8461538461538,27.958110516934,25.4961555857078,20.4439,15.7138368308832,28,30,10,6,5.74234749205346,5.44444444444444,-0.161871273035703,5
"28","For-010 ",20.392,NA,NA,NA,NA,NA,NA,NA,NA,NA,NA,NA,NA,NA,NA,NA,NA,NA,NA,NA,NA,NA,NA,NA,NA,NA,NA,NA,NA,NA,NA,NA,NA,NA,NA,NA,NA,NA,NA,NA,NA,NA,NA,NA,NA,NA,NA,NA,NA,NA,NA,NA,NA,NA,NA,NA,NA,NA,NA,1
"29","For-011",16.6431666666667,"Fortune","uncovered","midroom",81,4,0.04938271605,"August",78,2,40.0152236,-105.29005,1642,336.88,18,17.42508,30.796481,22.34535,18.22006,0,0,0,3.01559595,"US",2.191,2.576,1,4504.8,5245,51732,73146,59999,2449,121,32.2,2680,1.1,1567,939,157.4,171,1538,31.4,1191225,1303540,1408,1244,37.456043956044,26.3912655971479,25.0612844866576,23.9347,21.2636067781394,9,2,57,9,4.81669776632179,3.73333333333333,-1.26861904681469,6
"30","For-011",16.6431666666667,"Fortune","uncovered","midroom",81,4,0.04938271605,"July",116,2,40.0152236,-105.29005,1642,336.88,18,17.42508,30.796481,22.34535,18.22006,0,0,0,3.01559595,"US",2.191,2.576,1,4504.8,5245,51732,73146,59999,2449,121,32.2,2680,1.1,1567,939,157.4,171,1538,31.4,1191225,1303540,1408,1244,37.456043956044,26.3912655971479,25.0612844866576,23.9347,21.2636067781394,3,8,95,13,5.5600527780777,4.09453197405005,-1.26861904681469,6
"31","For-011",16.6431666666667,"Fortune","uncovered","midroom",81,4,0.04938271605,"June",124,2,40.0152236,-105.29005,1642,336.88,18,17.42508,30.796481,22.34535,18.22006,0,0,0,3.01559595,"US",2.191,2.576,1,4504.8,5245,51732,73146,59999,2449,121,32.2,2680,1.1,1567,939,157.4,171,1538,31.4,1191225,1303540,1408,1244,37.456043956044,26.3912655971479,25.0612844866576,23.9347,21.2636067781394,31,7,15,5,4.50320012840204,4.16666666666667,-1.26861904681469,6
"32","For-012",15.8931666666667,"Fortune","uncovered","backroom",122,12,0.09836065574,"August",78,2,40.0152236,-105.29005,1642,336.88,18,17.42508,30.796481,22.34535,18.22006,0,0,0,3.01559595,"US",2.191,2.576,1,4504.8,5245,51732,73146,59999,2449,121,32.2,2680,1.1,1567,939,157.4,171,1538,31.4,1191225,1303540,1408,1244,37.456043956044,26.3912655971479,25.0612844866576,23.9347,21.2636067781394,9,2,57,9,4.81669776632179,3.73333333333333,-1.26861904681469,6
"33","For-012",15.8931666666667,"Fortune","uncovered","backroom",122,12,0.09836065574,"July",116,2,40.0152236,-105.29005,1642,336.88,18,17.42508,30.796481,22.34535,18.22006,0,0,0,3.01559595,"US",2.191,2.576,1,4504.8,5245,51732,73146,59999,2449,121,32.2,2680,1.1,1567,939,157.4,171,1538,31.4,1191225,1303540,1408,1244,37.456043956044,26.3912655971479,25.0612844866576,23.9347,21.2636067781394,3,8,95,13,5.5600527780777,4.09453197405005,-1.26861904681469,6
"34","For-012",15.8931666666667,"Fortune","uncovered","backroom",122,12,0.09836065574,"June",124,2,40.0152236,-105.29005,1642,336.88,18,17.42508,30.796481,22.34535,18.22006,0,0,0,3.01559595,"US",2.191,2.576,1,4504.8,5245,51732,73146,59999,2449,121,32.2,2680,1.1,1567,939,157.4,171,1538,31.4,1191225,1303540,1408,1244,37.456043956044,26.3912655971479,25.0612844866576,23.9347,21.2636067781394,31,7,15,5,4.50320012840204,4.16666666666667,-1.26861904681469,6
"35","For-013",19.75875,"Fortune","uncovered","midroom",54,3,0.05555555556,"August",78,2,40.0152236,-105.29005,1642,336.88,18,17.42508,30.796481,22.34535,18.22006,0,0,0,3.01559595,"US",2.191,2.576,1,4504.8,5245,51732,73146,59999,2449,121,32.2,2680,1.1,1567,939,157.4,171,1538,31.4,1191225,1303540,1408,1244,37.456043956044,26.3912655971479,25.0612844866576,23.9347,21.2636067781394,9,2,57,9,4.81669776632179,3.73333333333333,-1.26861904681469,4
"36","For-013",19.75875,"Fortune","uncovered","midroom",54,3,0.05555555556,"July",116,2,40.0152236,-105.29005,1642,336.88,18,17.42508,30.796481,22.34535,18.22006,0,0,0,3.01559595,"US",2.191,2.576,1,4504.8,5245,51732,73146,59999,2449,121,32.2,2680,1.1,1567,939,157.4,171,1538,31.4,1191225,1303540,1408,1244,37.456043956044,26.3912655971479,25.0612844866576,23.9347,21.2636067781394,3,8,95,13,5.5600527780777,4.09453197405005,-1.26861904681469,4
"37","For-013",19.75875,"Fortune","uncovered","midroom",54,3,0.05555555556,"June",124,2,40.0152236,-105.29005,1642,336.88,18,17.42508,30.796481,22.34535,18.22006,0,0,0,3.01559595,"US",2.191,2.576,1,4504.8,5245,51732,73146,59999,2449,121,32.2,2680,1.1,1567,939,157.4,171,1538,31.4,1191225,1303540,1408,1244,37.456043956044,26.3912655971479,25.0612844866576,23.9347,21.2636067781394,31,7,15,5,4.50320012840204,4.16666666666667,-1.26861904681469,4
"38","For-014",15.11525,"Fortune","uncovered","midroom",111,10,0.09009009009,"August",78,2,40.0152236,-105.29005,1642,336.88,18,17.42508,30.796481,22.34535,18.22006,0,0,0,3.01559595,"US",2.191,2.576,1,4504.8,5245,51732,73146,59999,2449,121,32.2,2680,1.1,1567,939,157.4,171,1538,31.4,1191225,1303540,1408,1244,37.456043956044,26.3912655971479,25.0612844866576,23.9347,21.2636067781394,9,2,57,9,4.81669776632179,3.73333333333333,-1.26861904681469,4
"39","For-014",15.11525,"Fortune","uncovered","midroom",111,10,0.09009009009,"July",116,2,40.0152236,-105.29005,1642,336.88,18,17.42508,30.796481,22.34535,18.22006,0,0,0,3.01559595,"US",2.191,2.576,1,4504.8,5245,51732,73146,59999,2449,121,32.2,2680,1.1,1567,939,157.4,171,1538,31.4,1191225,1303540,1408,1244,37.456043956044,26.3912655971479,25.0612844866576,23.9347,21.2636067781394,3,8,95,13,5.5600527780777,4.09453197405005,-1.26861904681469,4
"40","For-014",15.11525,"Fortune","uncovered","midroom",111,10,0.09009009009,"June",124,2,40.0152236,-105.29005,1642,336.88,18,17.42508,30.796481,22.34535,18.22006,0,0,0,3.01559595,"US",2.191,2.576,1,4504.8,5245,51732,73146,59999,2449,121,32.2,2680,1.1,1567,939,157.4,171,1538,31.4,1191225,1303540,1408,1244,37.456043956044,26.3912655971479,25.0612844866576,23.9347,21.2636067781394,31,7,15,5,4.50320012840204,4.16666666666667,-1.26861904681469,4
"41","For-015",16.741,"Fortune","uncovered","midroom",137,14,0.102189781,"August",78,2,40.0152236,-105.29005,1642,336.88,18,17.42508,30.796481,22.34535,18.22006,0,0,0,3.01559595,"US",2.191,2.576,1,4504.8,5245,51732,73146,59999,2449,121,32.2,2680,1.1,1567,939,157.4,171,1538,31.4,1191225,1303540,1408,1244,37.456043956044,26.3912655971479,25.0612844866576,23.9347,21.2636067781394,9,2,57,9,4.81669776632179,3.73333333333333,-1.26861904681469,3
"42","For-015",16.741,"Fortune","uncovered","midroom",137,14,0.102189781,"July",116,2,40.0152236,-105.29005,1642,336.88,18,17.42508,30.796481,22.34535,18.22006,0,0,0,3.01559595,"US",2.191,2.576,1,4504.8,5245,51732,73146,59999,2449,121,32.2,2680,1.1,1567,939,157.4,171,1538,31.4,1191225,1303540,1408,1244,37.456043956044,26.3912655971479,25.0612844866576,23.9347,21.2636067781394,3,8,95,13,5.5600527780777,4.09453197405005,-1.26861904681469,3
"43","For-015",16.741,"Fortune","uncovered","midroom",137,14,0.102189781,"June",124,2,40.0152236,-105.29005,1642,336.88,18,17.42508,30.796481,22.34535,18.22006,0,0,0,3.01559595,"US",2.191,2.576,1,4504.8,5245,51732,73146,59999,2449,121,32.2,2680,1.1,1567,939,157.4,171,1538,31.4,1191225,1303540,1408,1244,37.456043956044,26.3912655971479,25.0612844866576,23.9347,21.2636067781394,31,7,15,5,4.50320012840204,4.16666666666667,-1.26861904681469,3
"44","For-016",19.698,"Fortune","covered","midroom",102,7,0.06862745098,"August",78,2,40.0152236,-105.29005,1642,336.88,18,17.42508,30.796481,22.34535,18.22006,0,0,0,3.01559595,"US",2.191,2.576,1,4504.8,5245,51732,73146,59999,2449,121,32.2,2680,1.1,1567,939,157.4,171,1538,31.4,1191225,1303540,1408,1244,37.456043956044,26.3912655971479,25.0612844866576,23.9347,21.2636067781394,9,2,57,9,4.81669776632179,3.73333333333333,-1.26861904681469,1
"45","For-016",19.698,"Fortune","covered","midroom",102,7,0.06862745098,"July",116,2,40.0152236,-105.29005,1642,336.88,18,17.42508,30.796481,22.34535,18.22006,0,0,0,3.01559595,"US",2.191,2.576,1,4504.8,5245,51732,73146,59999,2449,121,32.2,2680,1.1,1567,939,157.4,171,1538,31.4,1191225,1303540,1408,1244,37.456043956044,26.3912655971479,25.0612844866576,23.9347,21.2636067781394,3,8,95,13,5.5600527780777,4.09453197405005,-1.26861904681469,1
"46","For-016",19.698,"Fortune","covered","midroom",102,7,0.06862745098,"June",124,2,40.0152236,-105.29005,1642,336.88,18,17.42508,30.796481,22.34535,18.22006,0,0,0,3.01559595,"US",2.191,2.576,1,4504.8,5245,51732,73146,59999,2449,121,32.2,2680,1.1,1567,939,157.4,171,1538,31.4,1191225,1303540,1408,1244,37.456043956044,26.3912655971479,25.0612844866576,23.9347,21.2636067781394,31,7,15,5,4.50320012840204,4.16666666666667,-1.26861904681469,1
"47","For-017",26.8465,"Fortune","covered","midroom",72,9,0.125,"August",78,2,40.0152236,-105.29005,1642,336.88,18,17.42508,30.796481,22.34535,18.22006,0,0,0,3.01559595,"US",2.191,2.576,1,4504.8,5245,51732,73146,59999,2449,121,32.2,2680,1.1,1567,939,157.4,171,1538,31.4,1191225,1303540,1408,1244,37.456043956044,26.3912655971479,25.0612844866576,23.9347,21.2636067781394,9,2,57,9,4.81669776632179,3.73333333333333,-1.26861904681469,2
"48","For-017",26.8465,"Fortune","covered","midroom",72,9,0.125,"July",116,2,40.0152236,-105.29005,1642,336.88,18,17.42508,30.796481,22.34535,18.22006,0,0,0,3.01559595,"US",2.191,2.576,1,4504.8,5245,51732,73146,59999,2449,121,32.2,2680,1.1,1567,939,157.4,171,1538,31.4,1191225,1303540,1408,1244,37.456043956044,26.3912655971479,25.0612844866576,23.9347,21.2636067781394,3,8,95,13,5.5600527780777,4.09453197405005,-1.26861904681469,2
"49","For-017",26.8465,"Fortune","covered","midroom",72,9,0.125,"June",124,2,40.0152236,-105.29005,1642,336.88,18,17.42508,30.796481,22.34535,18.22006,0,0,0,3.01559595,"US",2.191,2.576,1,4504.8,5245,51732,73146,59999,2449,121,32.2,2680,1.1,1567,939,157.4,171,1538,31.4,1191225,1303540,1408,1244,37.456043956044,26.3912655971479,25.0612844866576,23.9347,21.2636067781394,31,7,15,5,4.50320012840204,4.16666666666667,-1.26861904681469,2
"50","For-018",16.43,"Fortune","covered","midroom",124,9,0.07258064516,"August",78,2,40.0152236,-105.29005,1642,336.88,18,17.42508,30.796481,22.34535,18.22006,0,0,0,3.01559595,"US",2.191,2.576,1,4504.8,5245,51732,73146,59999,2449,121,32.2,2680,1.1,1567,939,157.4,171,1538,31.4,1191225,1303540,1408,1244,37.456043956044,26.3912655971479,25.0612844866576,23.9347,21.2636067781394,9,2,57,9,4.81669776632179,3.73333333333333,-1.26861904681469,1
"51","For-018",16.43,"Fortune","covered","midroom",124,9,0.07258064516,"July",116,2,40.0152236,-105.29005,1642,336.88,18,17.42508,30.796481,22.34535,18.22006,0,0,0,3.01559595,"US",2.191,2.576,1,4504.8,5245,51732,73146,59999,2449,121,32.2,2680,1.1,1567,939,157.4,171,1538,31.4,1191225,1303540,1408,1244,37.456043956044,26.3912655971479,25.0612844866576,23.9347,21.2636067781394,3,8,95,13,5.5600527780777,4.09453197405005,-1.26861904681469,1
"52","For-018",16.43,"Fortune","covered","midroom",124,9,0.07258064516,"June",124,2,40.0152236,-105.29005,1642,336.88,18,17.42508,30.796481,22.34535,18.22006,0,0,0,3.01559595,"US",2.191,2.576,1,4504.8,5245,51732,73146,59999,2449,121,32.2,2680,1.1,1567,939,157.4,171,1538,31.4,1191225,1303540,1408,1244,37.456043956044,26.3912655971479,25.0612844866576,23.9347,21.2636067781394,31,7,15,5,4.50320012840204,4.16666666666667,-1.26861904681469,1
"53","For-020",11.8906666666667,"Fortune","covered","backroom",101,12,0.1188118812,"August",78,2,40.0152236,-105.29005,1642,336.88,18,17.42508,30.796481,22.34535,18.22006,0,0,0,3.01559595,"US",2.191,2.576,1,4504.8,5245,51732,73146,59999,2449,121,32.2,2680,1.1,1567,939,157.4,171,1538,31.4,1191225,1303540,1408,1244,37.456043956044,26.3912655971479,25.0612844866576,23.9347,21.2636067781394,9,2,57,9,4.81669776632179,3.73333333333333,-1.26861904681469,3
"54","For-020",11.8906666666667,"Fortune","covered","backroom",101,12,0.1188118812,"July",116,2,40.0152236,-105.29005,1642,336.88,18,17.42508,30.796481,22.34535,18.22006,0,0,0,3.01559595,"US",2.191,2.576,1,4504.8,5245,51732,73146,59999,2449,121,32.2,2680,1.1,1567,939,157.4,171,1538,31.4,1191225,1303540,1408,1244,37.456043956044,26.3912655971479,25.0612844866576,23.9347,21.2636067781394,3,8,95,13,5.5600527780777,4.09453197405005,-1.26861904681469,3
"55","For-020",11.8906666666667,"Fortune","covered","backroom",101,12,0.1188118812,"June",124,2,40.0152236,-105.29005,1642,336.88,18,17.42508,30.796481,22.34535,18.22006,0,0,0,3.01559595,"US",2.191,2.576,1,4504.8,5245,51732,73146,59999,2449,121,32.2,2680,1.1,1567,939,157.4,171,1538,31.4,1191225,1303540,1408,1244,37.456043956044,26.3912655971479,25.0612844866576,23.9347,21.2636067781394,31,7,15,5,4.50320012840204,4.16666666666667,-1.26861904681469,3
"56","Haw-021",17.3008,"Hawthorne","uncovered","midroom",70,5,0.07142857143,"August",110,3,40.0333295,-105.27708,1644,18238.58,200,30.78932,2.864789,17.99087,20.28271,0.02864789,0,0,3.01559595,"US",2.191,2.576,1,5343,6221,601239,133830,104588,2543,235,36.1,2662,-0.09,598,259,63.03,66,632,42.1,964030,1118969,1659,2202,22.6758241758242,34.3484848484849,33.305065581185,33.1763,33.9018628661205,18,4,49,7,2.9342679699201,1.94283201407212,1.73541062487114,5
"57","Haw-021",17.3008,"Hawthorne","uncovered","midroom",70,5,0.07142857143,"July",193,3,40.0333295,-105.27708,1644,18238.58,200,30.78932,2.864789,17.99087,20.28271,0.02864789,0,0,3.01559595,"US",2.191,2.576,1,5343,6221,601239,133830,104588,2543,235,36.1,2662,-0.09,598,259,63.03,66,632,42.1,964030,1118969,1659,2202,22.6758241758242,34.3484848484849,33.305065581185,33.1763,33.9018628661205,14,4,129,14,3.85329790911916,2.16885245901639,1.73541062487114,5
"58","Haw-021",17.3008,"Hawthorne","uncovered","midroom",70,5,0.07142857143,"June",124,3,40.0333295,-105.27708,1644,18238.58,200,30.78932,2.864789,17.99087,20.28271,0.02864789,0,0,3.01559595,"US",2.191,2.576,1,5343,6221,601239,133830,104588,2543,235,36.1,2662,-0.09,598,259,63.03,66,632,42.1,964030,1118969,1659,2202,22.6758241758242,34.3484848484849,33.305065581185,33.1763,33.9018628661205,25,32,8,5,5,5,1.73541062487114,5
"59","Haw-022",10.2324,"Hawthorne","uncovered","midroom",106,11,0.1037735849,"August",110,3,40.0333295,-105.27708,1644,18238.58,200,30.78932,2.864789,17.99087,20.28271,0.02864789,0,0,3.01559595,"US",2.191,2.576,1,5343,6221,601239,133830,104588,2543,235,36.1,2662,-0.09,598,259,63.03,66,632,42.1,964030,1118969,1659,2202,22.6758241758242,34.3484848484849,33.305065581185,33.1763,33.9018628661205,18,4,49,7,2.9342679699201,1.94283201407212,1.73541062487114,5
"60","Haw-022",10.2324,"Hawthorne","uncovered","midroom",106,11,0.1037735849,"July",193,3,40.0333295,-105.27708,1644,18238.58,200,30.78932,2.864789,17.99087,20.28271,0.02864789,0,0,3.01559595,"US",2.191,2.576,1,5343,6221,601239,133830,104588,2543,235,36.1,2662,-0.09,598,259,63.03,66,632,42.1,964030,1118969,1659,2202,22.6758241758242,34.3484848484849,33.305065581185,33.1763,33.9018628661205,14,4,129,14,3.85329790911916,2.16885245901639,1.73541062487114,5
"61","Haw-022",10.2324,"Hawthorne","uncovered","midroom",106,11,0.1037735849,"June",124,3,40.0333295,-105.27708,1644,18238.58,200,30.78932,2.864789,17.99087,20.28271,0.02864789,0,0,3.01559595,"US",2.191,2.576,1,5343,6221,601239,133830,104588,2543,235,36.1,2662,-0.09,598,259,63.03,66,632,42.1,964030,1118969,1659,2202,22.6758241758242,34.3484848484849,33.305065581185,33.1763,33.9018628661205,25,32,8,5,5,5,1.73541062487114,5
"62","Haw-023",9.47942857142857,"Hawthorne","uncovered","backroom",112,8,0.07142857143,"August",110,3,40.0333295,-105.27708,1644,18238.58,200,30.78932,2.864789,17.99087,20.28271,0.02864789,0,0,3.01559595,"US",2.191,2.576,1,5343,6221,601239,133830,104588,2543,235,36.1,2662,-0.09,598,259,63.03,66,632,42.1,964030,1118969,1659,2202,22.6758241758242,34.3484848484849,33.305065581185,33.1763,33.9018628661205,18,4,49,7,2.9342679699201,1.94283201407212,1.73541062487114,7
"63","Haw-023",9.47942857142857,"Hawthorne","uncovered","backroom",112,8,0.07142857143,"July",193,3,40.0333295,-105.27708,1644,18238.58,200,30.78932,2.864789,17.99087,20.28271,0.02864789,0,0,3.01559595,"US",2.191,2.576,1,5343,6221,601239,133830,104588,2543,235,36.1,2662,-0.09,598,259,63.03,66,632,42.1,964030,1118969,1659,2202,22.6758241758242,34.3484848484849,33.305065581185,33.1763,33.9018628661205,14,4,129,14,3.85329790911916,2.16885245901639,1.73541062487114,7
"64","Haw-023",9.47942857142857,"Hawthorne","uncovered","backroom",112,8,0.07142857143,"June",124,3,40.0333295,-105.27708,1644,18238.58,200,30.78932,2.864789,17.99087,20.28271,0.02864789,0,0,3.01559595,"US",2.191,2.576,1,5343,6221,601239,133830,104588,2543,235,36.1,2662,-0.09,598,259,63.03,66,632,42.1,964030,1118969,1659,2202,22.6758241758242,34.3484848484849,33.305065581185,33.1763,33.9018628661205,25,32,8,5,5,5,1.73541062487114,7
"65","Haw-024",16.4705,"Hawthorne","uncovered","midroom",78,6,0.07692307692,"August",110,3,40.0333295,-105.27708,1644,18238.58,200,30.78932,2.864789,17.99087,20.28271,0.02864789,0,0,3.01559595,"US",2.191,2.576,1,5343,6221,601239,133830,104588,2543,235,36.1,2662,-0.09,598,259,63.03,66,632,42.1,964030,1118969,1659,2202,22.6758241758242,34.3484848484849,33.305065581185,33.1763,33.9018628661205,18,4,49,7,2.9342679699201,1.94283201407212,1.73541062487114,2
"66","Haw-024",16.4705,"Hawthorne","uncovered","midroom",78,6,0.07692307692,"July",193,3,40.0333295,-105.27708,1644,18238.58,200,30.78932,2.864789,17.99087,20.28271,0.02864789,0,0,3.01559595,"US",2.191,2.576,1,5343,6221,601239,133830,104588,2543,235,36.1,2662,-0.09,598,259,63.03,66,632,42.1,964030,1118969,1659,2202,22.6758241758242,34.3484848484849,33.305065581185,33.1763,33.9018628661205,14,4,129,14,3.85329790911916,2.16885245901639,1.73541062487114,2
"67","Haw-024",16.4705,"Hawthorne","uncovered","midroom",78,6,0.07692307692,"June",124,3,40.0333295,-105.27708,1644,18238.58,200,30.78932,2.864789,17.99087,20.28271,0.02864789,0,0,3.01559595,"US",2.191,2.576,1,5343,6221,601239,133830,104588,2543,235,36.1,2662,-0.09,598,259,63.03,66,632,42.1,964030,1118969,1659,2202,22.6758241758242,34.3484848484849,33.305065581185,33.1763,33.9018628661205,25,32,8,5,5,5,1.73541062487114,2
"68","Haw-025",21.386,"Hawthorne","uncovered","midroom",83,3,0.03614457831,"August",110,3,40.0333295,-105.27708,1644,18238.58,200,30.78932,2.864789,17.99087,20.28271,0.02864789,0,0,3.01559595,"US",2.191,2.576,1,5343,6221,601239,133830,104588,2543,235,36.1,2662,-0.09,598,259,63.03,66,632,42.1,964030,1118969,1659,2202,22.6758241758242,34.3484848484849,33.305065581185,33.1763,33.9018628661205,18,4,49,7,2.9342679699201,1.94283201407212,1.73541062487114,1
"69","Haw-025",21.386,"Hawthorne","uncovered","midroom",83,3,0.03614457831,"July",193,3,40.0333295,-105.27708,1644,18238.58,200,30.78932,2.864789,17.99087,20.28271,0.02864789,0,0,3.01559595,"US",2.191,2.576,1,5343,6221,601239,133830,104588,2543,235,36.1,2662,-0.09,598,259,63.03,66,632,42.1,964030,1118969,1659,2202,22.6758241758242,34.3484848484849,33.305065581185,33.1763,33.9018628661205,14,4,129,14,3.85329790911916,2.16885245901639,1.73541062487114,1
"70","Haw-025",21.386,"Hawthorne","uncovered","midroom",83,3,0.03614457831,"June",124,3,40.0333295,-105.27708,1644,18238.58,200,30.78932,2.864789,17.99087,20.28271,0.02864789,0,0,3.01559595,"US",2.191,2.576,1,5343,6221,601239,133830,104588,2543,235,36.1,2662,-0.09,598,259,63.03,66,632,42.1,964030,1118969,1659,2202,22.6758241758242,34.3484848484849,33.305065581185,33.1763,33.9018628661205,25,32,8,5,5,5,1.73541062487114,1
"71","Haw-027",15.3645,"Hawthorne","covered","backroom",87,9,0.1034482759,"August",110,3,40.0333295,-105.27708,1644,18238.58,200,30.78932,2.864789,17.99087,20.28271,0.02864789,0,0,3.01559595,"US",2.191,2.576,1,5343,6221,601239,133830,104588,2543,235,36.1,2662,-0.09,598,259,63.03,66,632,42.1,964030,1118969,1659,2202,22.6758241758242,34.3484848484849,33.305065581185,33.1763,33.9018628661205,18,4,49,7,2.9342679699201,1.94283201407212,1.73541062487114,2
"72","Haw-027",15.3645,"Hawthorne","covered","backroom",87,9,0.1034482759,"July",193,3,40.0333295,-105.27708,1644,18238.58,200,30.78932,2.864789,17.99087,20.28271,0.02864789,0,0,3.01559595,"US",2.191,2.576,1,5343,6221,601239,133830,104588,2543,235,36.1,2662,-0.09,598,259,63.03,66,632,42.1,964030,1118969,1659,2202,22.6758241758242,34.3484848484849,33.305065581185,33.1763,33.9018628661205,14,4,129,14,3.85329790911916,2.16885245901639,1.73541062487114,2
"73","Haw-027",15.3645,"Hawthorne","covered","backroom",87,9,0.1034482759,"June",124,3,40.0333295,-105.27708,1644,18238.58,200,30.78932,2.864789,17.99087,20.28271,0.02864789,0,0,3.01559595,"US",2.191,2.576,1,5343,6221,601239,133830,104588,2543,235,36.1,2662,-0.09,598,259,63.03,66,632,42.1,964030,1118969,1659,2202,22.6758241758242,34.3484848484849,33.305065581185,33.1763,33.9018628661205,25,32,8,5,5,5,1.73541062487114,2
"74","Haw-028",16.3426,"Hawthorne","covered","midroom",98,8,0.08163265306,"August",110,3,40.0333295,-105.27708,1644,18238.58,200,30.78932,2.864789,17.99087,20.28271,0.02864789,0,0,3.01559595,"US",2.191,2.576,1,5343,6221,601239,133830,104588,2543,235,36.1,2662,-0.09,598,259,63.03,66,632,42.1,964030,1118969,1659,2202,22.6758241758242,34.3484848484849,33.305065581185,33.1763,33.9018628661205,18,4,49,7,2.9342679699201,1.94283201407212,1.73541062487114,5
"75","Haw-028",16.3426,"Hawthorne","covered","midroom",98,8,0.08163265306,"July",193,3,40.0333295,-105.27708,1644,18238.58,200,30.78932,2.864789,17.99087,20.28271,0.02864789,0,0,3.01559595,"US",2.191,2.576,1,5343,6221,601239,133830,104588,2543,235,36.1,2662,-0.09,598,259,63.03,66,632,42.1,964030,1118969,1659,2202,22.6758241758242,34.3484848484849,33.305065581185,33.1763,33.9018628661205,14,4,129,14,3.85329790911916,2.16885245901639,1.73541062487114,5
"76","Haw-028",16.3426,"Hawthorne","covered","midroom",98,8,0.08163265306,"June",124,3,40.0333295,-105.27708,1644,18238.58,200,30.78932,2.864789,17.99087,20.28271,0.02864789,0,0,3.01559595,"US",2.191,2.576,1,5343,6221,601239,133830,104588,2543,235,36.1,2662,-0.09,598,259,63.03,66,632,42.1,964030,1118969,1659,2202,22.6758241758242,34.3484848484849,33.305065581185,33.1763,33.9018628661205,25,32,8,5,5,5,1.73541062487114,5
"77","Haw-029",14.911,"Hawthorne","covered","midroom",77,8,0.1038961039,"August",110,3,40.0333295,-105.27708,1644,18238.58,200,30.78932,2.864789,17.99087,20.28271,0.02864789,0,0,3.01559595,"US",2.191,2.576,1,5343,6221,601239,133830,104588,2543,235,36.1,2662,-0.09,598,259,63.03,66,632,42.1,964030,1118969,1659,2202,22.6758241758242,34.3484848484849,33.305065581185,33.1763,33.9018628661205,18,4,49,7,2.9342679699201,1.94283201407212,1.73541062487114,2
"78","Haw-029",14.911,"Hawthorne","covered","midroom",77,8,0.1038961039,"July",193,3,40.0333295,-105.27708,1644,18238.58,200,30.78932,2.864789,17.99087,20.28271,0.02864789,0,0,3.01559595,"US",2.191,2.576,1,5343,6221,601239,133830,104588,2543,235,36.1,2662,-0.09,598,259,63.03,66,632,42.1,964030,1118969,1659,2202,22.6758241758242,34.3484848484849,33.305065581185,33.1763,33.9018628661205,14,4,129,14,3.85329790911916,2.16885245901639,1.73541062487114,2
"79","Haw-029",14.911,"Hawthorne","covered","midroom",77,8,0.1038961039,"June",124,3,40.0333295,-105.27708,1644,18238.58,200,30.78932,2.864789,17.99087,20.28271,0.02864789,0,0,3.01559595,"US",2.191,2.576,1,5343,6221,601239,133830,104588,2543,235,36.1,2662,-0.09,598,259,63.03,66,632,42.1,964030,1118969,1659,2202,22.6758241758242,34.3484848484849,33.305065581185,33.1763,33.9018628661205,25,32,8,5,5,5,1.73541062487114,2
"80","Haw-030",13.8213333333333,"Hawthorne","covered","backroom",93,3,0.03225806452,"August",110,3,40.0333295,-105.27708,1644,18238.58,200,30.78932,2.864789,17.99087,20.28271,0.02864789,0,0,3.01559595,"US",2.191,2.576,1,5343,6221,601239,133830,104588,2543,235,36.1,2662,-0.09,598,259,63.03,66,632,42.1,964030,1118969,1659,2202,22.6758241758242,34.3484848484849,33.305065581185,33.1763,33.9018628661205,18,4,49,7,2.9342679699201,1.94283201407212,1.73541062487114,3
"81","Haw-030",13.8213333333333,"Hawthorne","covered","backroom",93,3,0.03225806452,"July",193,3,40.0333295,-105.27708,1644,18238.58,200,30.78932,2.864789,17.99087,20.28271,0.02864789,0,0,3.01559595,"US",2.191,2.576,1,5343,6221,601239,133830,104588,2543,235,36.1,2662,-0.09,598,259,63.03,66,632,42.1,964030,1118969,1659,2202,22.6758241758242,34.3484848484849,33.305065581185,33.1763,33.9018628661205,14,4,129,14,3.85329790911916,2.16885245901639,1.73541062487114,3
"82","Haw-030",13.8213333333333,"Hawthorne","covered","backroom",93,3,0.03225806452,"June",124,3,40.0333295,-105.27708,1644,18238.58,200,30.78932,2.864789,17.99087,20.28271,0.02864789,0,0,3.01559595,"US",2.191,2.576,1,5343,6221,601239,133830,104588,2543,235,36.1,2662,-0.09,598,259,63.03,66,632,42.1,964030,1118969,1659,2202,22.6758241758242,34.3484848484849,33.305065581185,33.1763,33.9018628661205,25,32,8,5,5,5,1.73541062487114,3
"83","Hic-031",14.1302,"Hickory","uncovered","backroom",23,3,0.1304347826,"August",108,4,40.0015955,-105.23297,1610,2736.12,28,36.54755,20.053523,26.67119,39.64868,5.14229621,0,0,3.01559595,"US",2.191,2.576,1,6239.7,7265,175126,95463,77416,3295,135,44.8,3564,0.46,1335,214,73.19,78,1473,39.4,715416,756463,2005,2429,28.9387755102041,41.4705882352941,34.3425160697888,30.4408,33.7759523279127,14,4,25,8,5.33564051851863,4.04587155963303,-0.899703122221697,5
"84","Hic-031",14.1302,"Hickory","uncovered","backroom",23,3,0.1304347826,"July",82,4,40.0015955,-105.23297,1610,2736.12,28,36.54755,20.053523,26.67119,39.64868,5.14229621,0,0,3.01559595,"US",2.191,2.576,1,6239.7,7265,175126,95463,77416,3295,135,44.8,3564,0.46,1335,214,73.19,78,1473,39.4,715416,756463,2005,2429,28.9387755102041,41.4705882352941,34.3425160697888,30.4408,33.7759523279127,5,6,40,7,3.34685542957177,2.48123980424144,-0.899703122221697,5
"85","Hic-031",14.1302,"Hickory","uncovered","backroom",23,3,0.1304347826,"June",258,4,40.0015955,-105.23297,1610,2736.12,28,36.54755,20.053523,26.67119,39.64868,5.14229621,0,0,3.01559595,"US",2.191,2.576,1,6239.7,7265,175126,95463,77416,3295,135,44.8,3564,0.46,1335,214,73.19,78,1473,39.4,715416,756463,2005,2429,28.9387755102041,41.4705882352941,34.3425160697888,30.4408,33.7759523279127,49,24,9,5,5,5,-0.899703122221697,5
"86","Hic-032",13.0920833333333,"Hickory","uncovered","backroom",74,7,0.09459459459,"August",108,4,40.0015955,-105.23297,1610,2736.12,28,36.54755,20.053523,26.67119,39.64868,5.14229621,0,0,3.01559595,"US",2.191,2.576,1,6239.7,7265,175126,95463,77416,3295,135,44.8,3564,0.46,1335,214,73.19,78,1473,39.4,715416,756463,2005,2429,28.9387755102041,41.4705882352941,34.3425160697888,30.4408,33.7759523279127,14,4,25,8,5.33564051851863,4.04587155963303,-0.899703122221697,12
"87","Hic-032",13.0920833333333,"Hickory","uncovered","backroom",74,7,0.09459459459,"July",82,4,40.0015955,-105.23297,1610,2736.12,28,36.54755,20.053523,26.67119,39.64868,5.14229621,0,0,3.01559595,"US",2.191,2.576,1,6239.7,7265,175126,95463,77416,3295,135,44.8,3564,0.46,1335,214,73.19,78,1473,39.4,715416,756463,2005,2429,28.9387755102041,41.4705882352941,34.3425160697888,30.4408,33.7759523279127,5,6,40,7,3.34685542957177,2.48123980424144,-0.899703122221697,12
"88","Hic-032",13.0920833333333,"Hickory","uncovered","backroom",74,7,0.09459459459,"June",258,4,40.0015955,-105.23297,1610,2736.12,28,36.54755,20.053523,26.67119,39.64868,5.14229621,0,0,3.01559595,"US",2.191,2.576,1,6239.7,7265,175126,95463,77416,3295,135,44.8,3564,0.46,1335,214,73.19,78,1473,39.4,715416,756463,2005,2429,28.9387755102041,41.4705882352941,34.3425160697888,30.4408,33.7759523279127,49,24,9,5,5,5,-0.899703122221697,12
"89","Hic-033",22.311,"Hickory","uncovered","midroom",125,12,0.096,"August",108,4,40.0015955,-105.23297,1610,2736.12,28,36.54755,20.053523,26.67119,39.64868,5.14229621,0,0,3.01559595,"US",2.191,2.576,1,6239.7,7265,175126,95463,77416,3295,135,44.8,3564,0.46,1335,214,73.19,78,1473,39.4,715416,756463,2005,2429,28.9387755102041,41.4705882352941,34.3425160697888,30.4408,33.7759523279127,14,4,25,8,5.33564051851863,4.04587155963303,-0.899703122221697,1
"90","Hic-033",22.311,"Hickory","uncovered","midroom",125,12,0.096,"July",82,4,40.0015955,-105.23297,1610,2736.12,28,36.54755,20.053523,26.67119,39.64868,5.14229621,0,0,3.01559595,"US",2.191,2.576,1,6239.7,7265,175126,95463,77416,3295,135,44.8,3564,0.46,1335,214,73.19,78,1473,39.4,715416,756463,2005,2429,28.9387755102041,41.4705882352941,34.3425160697888,30.4408,33.7759523279127,5,6,40,7,3.34685542957177,2.48123980424144,-0.899703122221697,1
"91","Hic-033",22.311,"Hickory","uncovered","midroom",125,12,0.096,"June",258,4,40.0015955,-105.23297,1610,2736.12,28,36.54755,20.053523,26.67119,39.64868,5.14229621,0,0,3.01559595,"US",2.191,2.576,1,6239.7,7265,175126,95463,77416,3295,135,44.8,3564,0.46,1335,214,73.19,78,1473,39.4,715416,756463,2005,2429,28.9387755102041,41.4705882352941,34.3425160697888,30.4408,33.7759523279127,49,24,9,5,5,5,-0.899703122221697,1
"92","Hic-034",14.6942,"Hickory","uncovered","backroom",48,2,0.04166666667,"August",108,4,40.0015955,-105.23297,1610,2736.12,28,36.54755,20.053523,26.67119,39.64868,5.14229621,0,0,3.01559595,"US",2.191,2.576,1,6239.7,7265,175126,95463,77416,3295,135,44.8,3564,0.46,1335,214,73.19,78,1473,39.4,715416,756463,2005,2429,28.9387755102041,41.4705882352941,34.3425160697888,30.4408,33.7759523279127,14,4,25,8,5.33564051851863,4.04587155963303,-0.899703122221697,5
"93","Hic-034",14.6942,"Hickory","uncovered","backroom",48,2,0.04166666667,"July",82,4,40.0015955,-105.23297,1610,2736.12,28,36.54755,20.053523,26.67119,39.64868,5.14229621,0,0,3.01559595,"US",2.191,2.576,1,6239.7,7265,175126,95463,77416,3295,135,44.8,3564,0.46,1335,214,73.19,78,1473,39.4,715416,756463,2005,2429,28.9387755102041,41.4705882352941,34.3425160697888,30.4408,33.7759523279127,5,6,40,7,3.34685542957177,2.48123980424144,-0.899703122221697,5
"94","Hic-034",14.6942,"Hickory","uncovered","backroom",48,2,0.04166666667,"June",258,4,40.0015955,-105.23297,1610,2736.12,28,36.54755,20.053523,26.67119,39.64868,5.14229621,0,0,3.01559595,"US",2.191,2.576,1,6239.7,7265,175126,95463,77416,3295,135,44.8,3564,0.46,1335,214,73.19,78,1473,39.4,715416,756463,2005,2429,28.9387755102041,41.4705882352941,34.3425160697888,30.4408,33.7759523279127,49,24,9,5,5,5,-0.899703122221697,5
"95","Hic-036",10.8166,"Hickory","covered","midroom",75,4,0.05333333333,"August",108,4,40.0015955,-105.23297,1610,2736.12,28,36.54755,20.053523,26.67119,39.64868,5.14229621,0,0,3.01559595,"US",2.191,2.576,1,6239.7,7265,175126,95463,77416,3295,135,44.8,3564,0.46,1335,214,73.19,78,1473,39.4,715416,756463,2005,2429,28.9387755102041,41.4705882352941,34.3425160697888,30.4408,33.7759523279127,14,4,25,8,5.33564051851863,4.04587155963303,-0.899703122221697,5
"96","Hic-036",10.8166,"Hickory","covered","midroom",75,4,0.05333333333,"July",82,4,40.0015955,-105.23297,1610,2736.12,28,36.54755,20.053523,26.67119,39.64868,5.14229621,0,0,3.01559595,"US",2.191,2.576,1,6239.7,7265,175126,95463,77416,3295,135,44.8,3564,0.46,1335,214,73.19,78,1473,39.4,715416,756463,2005,2429,28.9387755102041,41.4705882352941,34.3425160697888,30.4408,33.7759523279127,5,6,40,7,3.34685542957177,2.48123980424144,-0.899703122221697,5
"97","Hic-036",10.8166,"Hickory","covered","midroom",75,4,0.05333333333,"June",258,4,40.0015955,-105.23297,1610,2736.12,28,36.54755,20.053523,26.67119,39.64868,5.14229621,0,0,3.01559595,"US",2.191,2.576,1,6239.7,7265,175126,95463,77416,3295,135,44.8,3564,0.46,1335,214,73.19,78,1473,39.4,715416,756463,2005,2429,28.9387755102041,41.4705882352941,34.3425160697888,30.4408,33.7759523279127,49,24,9,5,5,5,-0.899703122221697,5
"98","Hic-037",15.6565,"Hickory","covered","midroom",99,9,0.09090909091,"August",108,4,40.0015955,-105.23297,1610,2736.12,28,36.54755,20.053523,26.67119,39.64868,5.14229621,0,0,3.01559595,"US",2.191,2.576,1,6239.7,7265,175126,95463,77416,3295,135,44.8,3564,0.46,1335,214,73.19,78,1473,39.4,715416,756463,2005,2429,28.9387755102041,41.4705882352941,34.3425160697888,30.4408,33.7759523279127,14,4,25,8,5.33564051851863,4.04587155963303,-0.899703122221697,2
"99","Hic-037",15.6565,"Hickory","covered","midroom",99,9,0.09090909091,"July",82,4,40.0015955,-105.23297,1610,2736.12,28,36.54755,20.053523,26.67119,39.64868,5.14229621,0,0,3.01559595,"US",2.191,2.576,1,6239.7,7265,175126,95463,77416,3295,135,44.8,3564,0.46,1335,214,73.19,78,1473,39.4,715416,756463,2005,2429,28.9387755102041,41.4705882352941,34.3425160697888,30.4408,33.7759523279127,5,6,40,7,3.34685542957177,2.48123980424144,-0.899703122221697,2
"100","Hic-037",15.6565,"Hickory","covered","midroom",99,9,0.09090909091,"June",258,4,40.0015955,-105.23297,1610,2736.12,28,36.54755,20.053523,26.67119,39.64868,5.14229621,0,0,3.01559595,"US",2.191,2.576,1,6239.7,7265,175126,95463,77416,3295,135,44.8,3564,0.46,1335,214,73.19,78,1473,39.4,715416,756463,2005,2429,28.9387755102041,41.4705882352941,34.3425160697888,30.4408,33.7759523279127,49,24,9,5,5,5,-0.899703122221697,2
"101","Hic-038",19.157375,"Hickory","covered","midroom",90,8,0.08888888889,"August",108,4,40.0015955,-105.23297,1610,2736.12,28,36.54755,20.053523,26.67119,39.64868,5.14229621,0,0,3.01559595,"US",2.191,2.576,1,6239.7,7265,175126,95463,77416,3295,135,44.8,3564,0.46,1335,214,73.19,78,1473,39.4,715416,756463,2005,2429,28.9387755102041,41.4705882352941,34.3425160697888,30.4408,33.7759523279127,14,4,25,8,5.33564051851863,4.04587155963303,-0.899703122221697,8
"102","Hic-038",19.157375,"Hickory","covered","midroom",90,8,0.08888888889,"July",82,4,40.0015955,-105.23297,1610,2736.12,28,36.54755,20.053523,26.67119,39.64868,5.14229621,0,0,3.01559595,"US",2.191,2.576,1,6239.7,7265,175126,95463,77416,3295,135,44.8,3564,0.46,1335,214,73.19,78,1473,39.4,715416,756463,2005,2429,28.9387755102041,41.4705882352941,34.3425160697888,30.4408,33.7759523279127,5,6,40,7,3.34685542957177,2.48123980424144,-0.899703122221697,8
"103","Hic-038",19.157375,"Hickory","covered","midroom",90,8,0.08888888889,"June",258,4,40.0015955,-105.23297,1610,2736.12,28,36.54755,20.053523,26.67119,39.64868,5.14229621,0,0,3.01559595,"US",2.191,2.576,1,6239.7,7265,175126,95463,77416,3295,135,44.8,3564,0.46,1335,214,73.19,78,1473,39.4,715416,756463,2005,2429,28.9387755102041,41.4705882352941,34.3425160697888,30.4408,33.7759523279127,49,24,9,5,5,5,-0.899703122221697,8
"104","Hic-039",19.061,"Hickory","covered","midroom",121,14,0.1157024793,"August",108,4,40.0015955,-105.23297,1610,2736.12,28,36.54755,20.053523,26.67119,39.64868,5.14229621,0,0,3.01559595,"US",2.191,2.576,1,6239.7,7265,175126,95463,77416,3295,135,44.8,3564,0.46,1335,214,73.19,78,1473,39.4,715416,756463,2005,2429,28.9387755102041,41.4705882352941,34.3425160697888,30.4408,33.7759523279127,14,4,25,8,5.33564051851863,4.04587155963303,-0.899703122221697,1
"105","Hic-039",19.061,"Hickory","covered","midroom",121,14,0.1157024793,"July",82,4,40.0015955,-105.23297,1610,2736.12,28,36.54755,20.053523,26.67119,39.64868,5.14229621,0,0,3.01559595,"US",2.191,2.576,1,6239.7,7265,175126,95463,77416,3295,135,44.8,3564,0.46,1335,214,73.19,78,1473,39.4,715416,756463,2005,2429,28.9387755102041,41.4705882352941,34.3425160697888,30.4408,33.7759523279127,5,6,40,7,3.34685542957177,2.48123980424144,-0.899703122221697,1
"106","Hic-039",19.061,"Hickory","covered","midroom",121,14,0.1157024793,"June",258,4,40.0015955,-105.23297,1610,2736.12,28,36.54755,20.053523,26.67119,39.64868,5.14229621,0,0,3.01559595,"US",2.191,2.576,1,6239.7,7265,175126,95463,77416,3295,135,44.8,3564,0.46,1335,214,73.19,78,1473,39.4,715416,756463,2005,2429,28.9387755102041,41.4705882352941,34.3425160697888,30.4408,33.7759523279127,49,24,9,5,5,5,-0.899703122221697,1
"107","Hop-041",12.9333333333333,"Hope","uncovered","backroom",146,15,0.102739726,"August",59,5,39.9746738,-105.24082,1671,657.99,23,13.17803,41.53944,13.26397,21.6578,7.66331051,0,1.9480565,3.01559595,"US",2.191,2.576,1,2818.8,3282,247466,104600,84623,1407,159,40.9,1445,-0.1,485,80,43.95,115,591,37.6,721324,790510,944,1121,36.4175824175824,26.4001782531194,19.0567616463139,20.1508,17.8735832117607,6,7,40,7,4.05063546936785,3.1609756097561,-0.267275822919416,3
"108","Hop-041",12.9333333333333,"Hope","uncovered","backroom",146,15,0.102739726,"July",151,5,39.9746738,-105.24082,1671,657.99,23,13.17803,41.53944,13.26397,21.6578,7.66331051,0,1.9480565,3.01559595,"US",2.191,2.576,1,2818.8,3282,247466,104600,84623,1407,159,40.9,1445,-0.1,485,80,43.95,115,591,37.6,721324,790510,944,1121,36.4175824175824,26.4001782531194,19.0567616463139,20.1508,17.8735832117607,11,11,95,10,5.3098293561125,4.23348017621145,-0.267275822919416,3
"109","Hop-041",12.9333333333333,"Hope","uncovered","backroom",146,15,0.102739726,"June",117,5,39.9746738,-105.24082,1671,657.99,23,13.17803,41.53944,13.26397,21.6578,7.66331051,0,1.9480565,3.01559595,"US",2.191,2.576,1,2818.8,3282,247466,104600,84623,1407,159,40.9,1445,-0.1,485,80,43.95,115,591,37.6,721324,790510,944,1121,36.4175824175824,26.4001782531194,19.0567616463139,20.1508,17.8735832117607,26,7,6,6,6,6,-0.267275822919416,3
"110","Hop-042",10.33525,"Hope","uncovered","backroom",128,13,0.1015625,"August",59,5,39.9746738,-105.24082,1671,657.99,23,13.17803,41.53944,13.26397,21.6578,7.66331051,0,1.9480565,3.01559595,"US",2.191,2.576,1,2818.8,3282,247466,104600,84623,1407,159,40.9,1445,-0.1,485,80,43.95,115,591,37.6,721324,790510,944,1121,36.4175824175824,26.4001782531194,19.0567616463139,20.1508,17.8735832117607,6,7,40,7,4.05063546936785,3.1609756097561,-0.267275822919416,4
"111","Hop-042",10.33525,"Hope","uncovered","backroom",128,13,0.1015625,"July",151,5,39.9746738,-105.24082,1671,657.99,23,13.17803,41.53944,13.26397,21.6578,7.66331051,0,1.9480565,3.01559595,"US",2.191,2.576,1,2818.8,3282,247466,104600,84623,1407,159,40.9,1445,-0.1,485,80,43.95,115,591,37.6,721324,790510,944,1121,36.4175824175824,26.4001782531194,19.0567616463139,20.1508,17.8735832117607,11,11,95,10,5.3098293561125,4.23348017621145,-0.267275822919416,4
"112","Hop-042",10.33525,"Hope","uncovered","backroom",128,13,0.1015625,"June",117,5,39.9746738,-105.24082,1671,657.99,23,13.17803,41.53944,13.26397,21.6578,7.66331051,0,1.9480565,3.01559595,"US",2.191,2.576,1,2818.8,3282,247466,104600,84623,1407,159,40.9,1445,-0.1,485,80,43.95,115,591,37.6,721324,790510,944,1121,36.4175824175824,26.4001782531194,19.0567616463139,20.1508,17.8735832117607,26,7,6,6,6,6,-0.267275822919416,4
"113","Hop-043",11.72875,"Hope","uncovered","backroom",98,19,0.193877551,"August",59,5,39.9746738,-105.24082,1671,657.99,23,13.17803,41.53944,13.26397,21.6578,7.66331051,0,1.9480565,3.01559595,"US",2.191,2.576,1,2818.8,3282,247466,104600,84623,1407,159,40.9,1445,-0.1,485,80,43.95,115,591,37.6,721324,790510,944,1121,36.4175824175824,26.4001782531194,19.0567616463139,20.1508,17.8735832117607,6,7,40,7,4.05063546936785,3.1609756097561,-0.267275822919416,4
"114","Hop-043",11.72875,"Hope","uncovered","backroom",98,19,0.193877551,"July",151,5,39.9746738,-105.24082,1671,657.99,23,13.17803,41.53944,13.26397,21.6578,7.66331051,0,1.9480565,3.01559595,"US",2.191,2.576,1,2818.8,3282,247466,104600,84623,1407,159,40.9,1445,-0.1,485,80,43.95,115,591,37.6,721324,790510,944,1121,36.4175824175824,26.4001782531194,19.0567616463139,20.1508,17.8735832117607,11,11,95,10,5.3098293561125,4.23348017621145,-0.267275822919416,4
"115","Hop-043",11.72875,"Hope","uncovered","backroom",98,19,0.193877551,"June",117,5,39.9746738,-105.24082,1671,657.99,23,13.17803,41.53944,13.26397,21.6578,7.66331051,0,1.9480565,3.01559595,"US",2.191,2.576,1,2818.8,3282,247466,104600,84623,1407,159,40.9,1445,-0.1,485,80,43.95,115,591,37.6,721324,790510,944,1121,36.4175824175824,26.4001782531194,19.0567616463139,20.1508,17.8735832117607,26,7,6,6,6,6,-0.267275822919416,4
"116","Hop-044",11.35475,"Hope","uncovered","backroom",87,13,0.1494252874,"August",59,5,39.9746738,-105.24082,1671,657.99,23,13.17803,41.53944,13.26397,21.6578,7.66331051,0,1.9480565,3.01559595,"US",2.191,2.576,1,2818.8,3282,247466,104600,84623,1407,159,40.9,1445,-0.1,485,80,43.95,115,591,37.6,721324,790510,944,1121,36.4175824175824,26.4001782531194,19.0567616463139,20.1508,17.8735832117607,6,7,40,7,4.05063546936785,3.1609756097561,-0.267275822919416,4
"117","Hop-044",11.35475,"Hope","uncovered","backroom",87,13,0.1494252874,"July",151,5,39.9746738,-105.24082,1671,657.99,23,13.17803,41.53944,13.26397,21.6578,7.66331051,0,1.9480565,3.01559595,"US",2.191,2.576,1,2818.8,3282,247466,104600,84623,1407,159,40.9,1445,-0.1,485,80,43.95,115,591,37.6,721324,790510,944,1121,36.4175824175824,26.4001782531194,19.0567616463139,20.1508,17.8735832117607,11,11,95,10,5.3098293561125,4.23348017621145,-0.267275822919416,4
"118","Hop-044",11.35475,"Hope","uncovered","backroom",87,13,0.1494252874,"June",117,5,39.9746738,-105.24082,1671,657.99,23,13.17803,41.53944,13.26397,21.6578,7.66331051,0,1.9480565,3.01559595,"US",2.191,2.576,1,2818.8,3282,247466,104600,84623,1407,159,40.9,1445,-0.1,485,80,43.95,115,591,37.6,721324,790510,944,1121,36.4175824175824,26.4001782531194,19.0567616463139,20.1508,17.8735832117607,26,7,6,6,6,6,-0.267275822919416,4
"119","Hop-045",15.23525,"Hope","uncovered","midroom",39,5,0.1282051282,"August",59,5,39.9746738,-105.24082,1671,657.99,23,13.17803,41.53944,13.26397,21.6578,7.66331051,0,1.9480565,3.01559595,"US",2.191,2.576,1,2818.8,3282,247466,104600,84623,1407,159,40.9,1445,-0.1,485,80,43.95,115,591,37.6,721324,790510,944,1121,36.4175824175824,26.4001782531194,19.0567616463139,20.1508,17.8735832117607,6,7,40,7,4.05063546936785,3.1609756097561,-0.267275822919416,4
"120","Hop-045",15.23525,"Hope","uncovered","midroom",39,5,0.1282051282,"July",151,5,39.9746738,-105.24082,1671,657.99,23,13.17803,41.53944,13.26397,21.6578,7.66331051,0,1.9480565,3.01559595,"US",2.191,2.576,1,2818.8,3282,247466,104600,84623,1407,159,40.9,1445,-0.1,485,80,43.95,115,591,37.6,721324,790510,944,1121,36.4175824175824,26.4001782531194,19.0567616463139,20.1508,17.8735832117607,11,11,95,10,5.3098293561125,4.23348017621145,-0.267275822919416,4
"121","Hop-045",15.23525,"Hope","uncovered","midroom",39,5,0.1282051282,"June",117,5,39.9746738,-105.24082,1671,657.99,23,13.17803,41.53944,13.26397,21.6578,7.66331051,0,1.9480565,3.01559595,"US",2.191,2.576,1,2818.8,3282,247466,104600,84623,1407,159,40.9,1445,-0.1,485,80,43.95,115,591,37.6,721324,790510,944,1121,36.4175824175824,26.4001782531194,19.0567616463139,20.1508,17.8735832117607,26,7,6,6,6,6,-0.267275822919416,4
"122","Hop-046",13.2549,"Hope","covered","backroom",86,9,0.1046511628,"August",59,5,39.9746738,-105.24082,1671,657.99,23,13.17803,41.53944,13.26397,21.6578,7.66331051,0,1.9480565,3.01559595,"US",2.191,2.576,1,2818.8,3282,247466,104600,84623,1407,159,40.9,1445,-0.1,485,80,43.95,115,591,37.6,721324,790510,944,1121,36.4175824175824,26.4001782531194,19.0567616463139,20.1508,17.8735832117607,6,7,40,7,4.05063546936785,3.1609756097561,-0.267275822919416,10
"123","Hop-046",13.2549,"Hope","covered","backroom",86,9,0.1046511628,"July",151,5,39.9746738,-105.24082,1671,657.99,23,13.17803,41.53944,13.26397,21.6578,7.66331051,0,1.9480565,3.01559595,"US",2.191,2.576,1,2818.8,3282,247466,104600,84623,1407,159,40.9,1445,-0.1,485,80,43.95,115,591,37.6,721324,790510,944,1121,36.4175824175824,26.4001782531194,19.0567616463139,20.1508,17.8735832117607,11,11,95,10,5.3098293561125,4.23348017621145,-0.267275822919416,10
"124","Hop-046",13.2549,"Hope","covered","backroom",86,9,0.1046511628,"June",117,5,39.9746738,-105.24082,1671,657.99,23,13.17803,41.53944,13.26397,21.6578,7.66331051,0,1.9480565,3.01559595,"US",2.191,2.576,1,2818.8,3282,247466,104600,84623,1407,159,40.9,1445,-0.1,485,80,43.95,115,591,37.6,721324,790510,944,1121,36.4175824175824,26.4001782531194,19.0567616463139,20.1508,17.8735832117607,26,7,6,6,6,6,-0.267275822919416,10
"125","Hop-046 ",16.376,NA,NA,NA,NA,NA,NA,NA,NA,NA,NA,NA,NA,NA,NA,NA,NA,NA,NA,NA,NA,NA,NA,NA,NA,NA,NA,NA,NA,NA,NA,NA,NA,NA,NA,NA,NA,NA,NA,NA,NA,NA,NA,NA,NA,NA,NA,NA,NA,NA,NA,NA,NA,NA,NA,NA,NA,NA,NA,1
"126","Hop-047",15.635,"Hope","covered","midroom",161,9,0.05590062112,"August",59,5,39.9746738,-105.24082,1671,657.99,23,13.17803,41.53944,13.26397,21.6578,7.66331051,0,1.9480565,3.01559595,"US",2.191,2.576,1,2818.8,3282,247466,104600,84623,1407,159,40.9,1445,-0.1,485,80,43.95,115,591,37.6,721324,790510,944,1121,36.4175824175824,26.4001782531194,19.0567616463139,20.1508,17.8735832117607,6,7,40,7,4.05063546936785,3.1609756097561,-0.267275822919416,1
"127","Hop-047",15.635,"Hope","covered","midroom",161,9,0.05590062112,"July",151,5,39.9746738,-105.24082,1671,657.99,23,13.17803,41.53944,13.26397,21.6578,7.66331051,0,1.9480565,3.01559595,"US",2.191,2.576,1,2818.8,3282,247466,104600,84623,1407,159,40.9,1445,-0.1,485,80,43.95,115,591,37.6,721324,790510,944,1121,36.4175824175824,26.4001782531194,19.0567616463139,20.1508,17.8735832117607,11,11,95,10,5.3098293561125,4.23348017621145,-0.267275822919416,1
"128","Hop-047",15.635,"Hope","covered","midroom",161,9,0.05590062112,"June",117,5,39.9746738,-105.24082,1671,657.99,23,13.17803,41.53944,13.26397,21.6578,7.66331051,0,1.9480565,3.01559595,"US",2.191,2.576,1,2818.8,3282,247466,104600,84623,1407,159,40.9,1445,-0.1,485,80,43.95,115,591,37.6,721324,790510,944,1121,36.4175824175824,26.4001782531194,19.0567616463139,20.1508,17.8735832117607,26,7,6,6,6,6,-0.267275822919416,1
"129","Hop-049",22.34,"Hope","covered","midroom",87,7,0.08045977011,"August",59,5,39.9746738,-105.24082,1671,657.99,23,13.17803,41.53944,13.26397,21.6578,7.66331051,0,1.9480565,3.01559595,"US",2.191,2.576,1,2818.8,3282,247466,104600,84623,1407,159,40.9,1445,-0.1,485,80,43.95,115,591,37.6,721324,790510,944,1121,36.4175824175824,26.4001782531194,19.0567616463139,20.1508,17.8735832117607,6,7,40,7,4.05063546936785,3.1609756097561,-0.267275822919416,6
"130","Hop-049",22.34,"Hope","covered","midroom",87,7,0.08045977011,"July",151,5,39.9746738,-105.24082,1671,657.99,23,13.17803,41.53944,13.26397,21.6578,7.66331051,0,1.9480565,3.01559595,"US",2.191,2.576,1,2818.8,3282,247466,104600,84623,1407,159,40.9,1445,-0.1,485,80,43.95,115,591,37.6,721324,790510,944,1121,36.4175824175824,26.4001782531194,19.0567616463139,20.1508,17.8735832117607,11,11,95,10,5.3098293561125,4.23348017621145,-0.267275822919416,6
"131","Hop-049",22.34,"Hope","covered","midroom",87,7,0.08045977011,"June",117,5,39.9746738,-105.24082,1671,657.99,23,13.17803,41.53944,13.26397,21.6578,7.66331051,0,1.9480565,3.01559595,"US",2.191,2.576,1,2818.8,3282,247466,104600,84623,1407,159,40.9,1445,-0.1,485,80,43.95,115,591,37.6,721324,790510,944,1121,36.4175824175824,26.4001782531194,19.0567616463139,20.1508,17.8735832117607,26,7,6,6,6,6,-0.267275822919416,6
"132","Hop-050",15.6465,"Hope","covered","midroom",119,12,0.1008403361,"August",59,5,39.9746738,-105.24082,1671,657.99,23,13.17803,41.53944,13.26397,21.6578,7.66331051,0,1.9480565,3.01559595,"US",2.191,2.576,1,2818.8,3282,247466,104600,84623,1407,159,40.9,1445,-0.1,485,80,43.95,115,591,37.6,721324,790510,944,1121,36.4175824175824,26.4001782531194,19.0567616463139,20.1508,17.8735832117607,6,7,40,7,4.05063546936785,3.1609756097561,-0.267275822919416,8
"133","Hop-050",15.6465,"Hope","covered","midroom",119,12,0.1008403361,"July",151,5,39.9746738,-105.24082,1671,657.99,23,13.17803,41.53944,13.26397,21.6578,7.66331051,0,1.9480565,3.01559595,"US",2.191,2.576,1,2818.8,3282,247466,104600,84623,1407,159,40.9,1445,-0.1,485,80,43.95,115,591,37.6,721324,790510,944,1121,36.4175824175824,26.4001782531194,19.0567616463139,20.1508,17.8735832117607,11,11,95,10,5.3098293561125,4.23348017621145,-0.267275822919416,8
"134","Hop-050",15.6465,"Hope","covered","midroom",119,12,0.1008403361,"June",117,5,39.9746738,-105.24082,1671,657.99,23,13.17803,41.53944,13.26397,21.6578,7.66331051,0,1.9480565,3.01559595,"US",2.191,2.576,1,2818.8,3282,247466,104600,84623,1407,159,40.9,1445,-0.1,485,80,43.95,115,591,37.6,721324,790510,944,1121,36.4175824175824,26.4001782531194,19.0567616463139,20.1508,17.8735832117607,26,7,6,6,6,6,-0.267275822919416,8
"135","Ker-051",21.6897142857143,"Kerr","uncovered","midroom",94,5,0.05319148936,"August",222,6,39.9838942,-105.12588,1622,2324.05,41,32.48671,10.026761,40.90919,42.74265,15.8924168,65.17395,44.5761165,3.01559595,"US",2.191,2.576,1,3479.3,4051,291539,104792,85338,2005,162,40.3,2089,0.47,829,337,51.66,68,669,45,645292,681862,1197,890,10.7912087912088,30.795008912656,32.3885119855269,29.0936,28.6104253170239,3,3,104,11,4.67008938380063,3.16970421272782,-0.188222410506631,7
"136","Ker-051",21.6897142857143,"Kerr","uncovered","midroom",94,5,0.05319148936,"July",398,6,39.9838942,-105.12588,1622,2324.05,41,32.48671,10.026761,40.90919,42.74265,15.8924168,65.17395,44.5761165,3.01559595,"US",2.191,2.576,1,3479.3,4051,291539,104792,85338,2005,162,40.3,2089,0.47,829,337,51.66,68,669,45,645292,681862,1197,890,10.7912087912088,30.795008912656,32.3885119855269,29.0936,28.6104253170239,6,2,359,17,4.62610373636377,3.39223708648489,-0.188222410506631,7
"137","Ker-051",21.6897142857143,"Kerr","uncovered","midroom",94,5,0.05319148936,"June",52,6,39.9838942,-105.12588,1622,2324.05,41,32.48671,10.026761,40.90919,42.74265,15.8924168,65.17395,44.5761165,3.01559595,"US",2.191,2.576,1,3479.3,4051,291539,104792,85338,2005,162,40.3,2089,0.47,829,337,51.66,68,669,45,645292,681862,1197,890,10.7912087912088,30.795008912656,32.3885119855269,29.0936,28.6104253170239,10,2,5,5,5,5,-0.188222410506631,7
"138","Ker-052",21.6963333333333,"Kerr","uncovered","midroom",84,8,0.09523809524,"August",222,6,39.9838942,-105.12588,1622,2324.05,41,32.48671,10.026761,40.90919,42.74265,15.8924168,65.17395,44.5761165,3.01559595,"US",2.191,2.576,1,3479.3,4051,291539,104792,85338,2005,162,40.3,2089,0.47,829,337,51.66,68,669,45,645292,681862,1197,890,10.7912087912088,30.795008912656,32.3885119855269,29.0936,28.6104253170239,3,3,104,11,4.67008938380063,3.16970421272782,-0.188222410506631,3
"139","Ker-052",21.6963333333333,"Kerr","uncovered","midroom",84,8,0.09523809524,"July",398,6,39.9838942,-105.12588,1622,2324.05,41,32.48671,10.026761,40.90919,42.74265,15.8924168,65.17395,44.5761165,3.01559595,"US",2.191,2.576,1,3479.3,4051,291539,104792,85338,2005,162,40.3,2089,0.47,829,337,51.66,68,669,45,645292,681862,1197,890,10.7912087912088,30.795008912656,32.3885119855269,29.0936,28.6104253170239,6,2,359,17,4.62610373636377,3.39223708648489,-0.188222410506631,3
"140","Ker-052",21.6963333333333,"Kerr","uncovered","midroom",84,8,0.09523809524,"June",52,6,39.9838942,-105.12588,1622,2324.05,41,32.48671,10.026761,40.90919,42.74265,15.8924168,65.17395,44.5761165,3.01559595,"US",2.191,2.576,1,3479.3,4051,291539,104792,85338,2005,162,40.3,2089,0.47,829,337,51.66,68,669,45,645292,681862,1197,890,10.7912087912088,30.795008912656,32.3885119855269,29.0936,28.6104253170239,10,2,5,5,5,5,-0.188222410506631,3
"141","Ker-053",12.8613333333333,"Kerr","uncovered","backroom",99,4,0.0404040404,"August",222,6,39.9838942,-105.12588,1622,2324.05,41,32.48671,10.026761,40.90919,42.74265,15.8924168,65.17395,44.5761165,3.01559595,"US",2.191,2.576,1,3479.3,4051,291539,104792,85338,2005,162,40.3,2089,0.47,829,337,51.66,68,669,45,645292,681862,1197,890,10.7912087912088,30.795008912656,32.3885119855269,29.0936,28.6104253170239,3,3,104,11,4.67008938380063,3.16970421272782,-0.188222410506631,10
"142","Ker-053",12.8613333333333,"Kerr","uncovered","backroom",99,4,0.0404040404,"July",398,6,39.9838942,-105.12588,1622,2324.05,41,32.48671,10.026761,40.90919,42.74265,15.8924168,65.17395,44.5761165,3.01559595,"US",2.191,2.576,1,3479.3,4051,291539,104792,85338,2005,162,40.3,2089,0.47,829,337,51.66,68,669,45,645292,681862,1197,890,10.7912087912088,30.795008912656,32.3885119855269,29.0936,28.6104253170239,6,2,359,17,4.62610373636377,3.39223708648489,-0.188222410506631,10
"143","Ker-053",12.8613333333333,"Kerr","uncovered","backroom",99,4,0.0404040404,"June",52,6,39.9838942,-105.12588,1622,2324.05,41,32.48671,10.026761,40.90919,42.74265,15.8924168,65.17395,44.5761165,3.01559595,"US",2.191,2.576,1,3479.3,4051,291539,104792,85338,2005,162,40.3,2089,0.47,829,337,51.66,68,669,45,645292,681862,1197,890,10.7912087912088,30.795008912656,32.3885119855269,29.0936,28.6104253170239,10,2,5,5,5,5,-0.188222410506631,10
"144","Ker-054",13.8812222222222,"Kerr","uncovered","midroom",107,5,0.04672897196,"August",222,6,39.9838942,-105.12588,1622,2324.05,41,32.48671,10.026761,40.90919,42.74265,15.8924168,65.17395,44.5761165,3.01559595,"US",2.191,2.576,1,3479.3,4051,291539,104792,85338,2005,162,40.3,2089,0.47,829,337,51.66,68,669,45,645292,681862,1197,890,10.7912087912088,30.795008912656,32.3885119855269,29.0936,28.6104253170239,3,3,104,11,4.67008938380063,3.16970421272782,-0.188222410506631,9
"145","Ker-054",13.8812222222222,"Kerr","uncovered","midroom",107,5,0.04672897196,"July",398,6,39.9838942,-105.12588,1622,2324.05,41,32.48671,10.026761,40.90919,42.74265,15.8924168,65.17395,44.5761165,3.01559595,"US",2.191,2.576,1,3479.3,4051,291539,104792,85338,2005,162,40.3,2089,0.47,829,337,51.66,68,669,45,645292,681862,1197,890,10.7912087912088,30.795008912656,32.3885119855269,29.0936,28.6104253170239,6,2,359,17,4.62610373636377,3.39223708648489,-0.188222410506631,9
"146","Ker-054",13.8812222222222,"Kerr","uncovered","midroom",107,5,0.04672897196,"June",52,6,39.9838942,-105.12588,1622,2324.05,41,32.48671,10.026761,40.90919,42.74265,15.8924168,65.17395,44.5761165,3.01559595,"US",2.191,2.576,1,3479.3,4051,291539,104792,85338,2005,162,40.3,2089,0.47,829,337,51.66,68,669,45,645292,681862,1197,890,10.7912087912088,30.795008912656,32.3885119855269,29.0936,28.6104253170239,10,2,5,5,5,5,-0.188222410506631,9
"147","Ker-057",14.2715,"Kerr","covered","midroom",96,7,0.07291666667,"August",222,6,39.9838942,-105.12588,1622,2324.05,41,32.48671,10.026761,40.90919,42.74265,15.8924168,65.17395,44.5761165,3.01559595,"US",2.191,2.576,1,3479.3,4051,291539,104792,85338,2005,162,40.3,2089,0.47,829,337,51.66,68,669,45,645292,681862,1197,890,10.7912087912088,30.795008912656,32.3885119855269,29.0936,28.6104253170239,3,3,104,11,4.67008938380063,3.16970421272782,-0.188222410506631,2
"148","Ker-057",14.2715,"Kerr","covered","midroom",96,7,0.07291666667,"July",398,6,39.9838942,-105.12588,1622,2324.05,41,32.48671,10.026761,40.90919,42.74265,15.8924168,65.17395,44.5761165,3.01559595,"US",2.191,2.576,1,3479.3,4051,291539,104792,85338,2005,162,40.3,2089,0.47,829,337,51.66,68,669,45,645292,681862,1197,890,10.7912087912088,30.795008912656,32.3885119855269,29.0936,28.6104253170239,6,2,359,17,4.62610373636377,3.39223708648489,-0.188222410506631,2
"149","Ker-057",14.2715,"Kerr","covered","midroom",96,7,0.07291666667,"June",52,6,39.9838942,-105.12588,1622,2324.05,41,32.48671,10.026761,40.90919,42.74265,15.8924168,65.17395,44.5761165,3.01559595,"US",2.191,2.576,1,3479.3,4051,291539,104792,85338,2005,162,40.3,2089,0.47,829,337,51.66,68,669,45,645292,681862,1197,890,10.7912087912088,30.795008912656,32.3885119855269,29.0936,28.6104253170239,10,2,5,5,5,5,-0.188222410506631,2
"150","Ker-058",16.2495,"Kerr","covered","midroom",94,6,0.06382978723,"August",222,6,39.9838942,-105.12588,1622,2324.05,41,32.48671,10.026761,40.90919,42.74265,15.8924168,65.17395,44.5761165,3.01559595,"US",2.191,2.576,1,3479.3,4051,291539,104792,85338,2005,162,40.3,2089,0.47,829,337,51.66,68,669,45,645292,681862,1197,890,10.7912087912088,30.795008912656,32.3885119855269,29.0936,28.6104253170239,3,3,104,11,4.67008938380063,3.16970421272782,-0.188222410506631,4
"151","Ker-058",16.2495,"Kerr","covered","midroom",94,6,0.06382978723,"July",398,6,39.9838942,-105.12588,1622,2324.05,41,32.48671,10.026761,40.90919,42.74265,15.8924168,65.17395,44.5761165,3.01559595,"US",2.191,2.576,1,3479.3,4051,291539,104792,85338,2005,162,40.3,2089,0.47,829,337,51.66,68,669,45,645292,681862,1197,890,10.7912087912088,30.795008912656,32.3885119855269,29.0936,28.6104253170239,6,2,359,17,4.62610373636377,3.39223708648489,-0.188222410506631,4
"152","Ker-058",16.2495,"Kerr","covered","midroom",94,6,0.06382978723,"June",52,6,39.9838942,-105.12588,1622,2324.05,41,32.48671,10.026761,40.90919,42.74265,15.8924168,65.17395,44.5761165,3.01559595,"US",2.191,2.576,1,3479.3,4051,291539,104792,85338,2005,162,40.3,2089,0.47,829,337,51.66,68,669,45,645292,681862,1197,890,10.7912087912088,30.795008912656,32.3885119855269,29.0936,28.6104253170239,10,2,5,5,5,5,-0.188222410506631,4
"153","Ker-059",14.1985,"Kerr","covered","midroom",127,6,0.04724409449,"August",222,6,39.9838942,-105.12588,1622,2324.05,41,32.48671,10.026761,40.90919,42.74265,15.8924168,65.17395,44.5761165,3.01559595,"US",2.191,2.576,1,3479.3,4051,291539,104792,85338,2005,162,40.3,2089,0.47,829,337,51.66,68,669,45,645292,681862,1197,890,10.7912087912088,30.795008912656,32.3885119855269,29.0936,28.6104253170239,3,3,104,11,4.67008938380063,3.16970421272782,-0.188222410506631,2
"154","Ker-059",14.1985,"Kerr","covered","midroom",127,6,0.04724409449,"July",398,6,39.9838942,-105.12588,1622,2324.05,41,32.48671,10.026761,40.90919,42.74265,15.8924168,65.17395,44.5761165,3.01559595,"US",2.191,2.576,1,3479.3,4051,291539,104792,85338,2005,162,40.3,2089,0.47,829,337,51.66,68,669,45,645292,681862,1197,890,10.7912087912088,30.795008912656,32.3885119855269,29.0936,28.6104253170239,6,2,359,17,4.62610373636377,3.39223708648489,-0.188222410506631,2
"155","Ker-059",14.1985,"Kerr","covered","midroom",127,6,0.04724409449,"June",52,6,39.9838942,-105.12588,1622,2324.05,41,32.48671,10.026761,40.90919,42.74265,15.8924168,65.17395,44.5761165,3.01559595,"US",2.191,2.576,1,3479.3,4051,291539,104792,85338,2005,162,40.3,2089,0.47,829,337,51.66,68,669,45,645292,681862,1197,890,10.7912087912088,30.795008912656,32.3885119855269,29.0936,28.6104253170239,10,2,5,5,5,5,-0.188222410506631,2
"156","Ker-060",8.50416666666667,"Kerr","covered","midroom",57,8,0.1403508772,"August",222,6,39.9838942,-105.12588,1622,2324.05,41,32.48671,10.026761,40.90919,42.74265,15.8924168,65.17395,44.5761165,3.01559595,"US",2.191,2.576,1,3479.3,4051,291539,104792,85338,2005,162,40.3,2089,0.47,829,337,51.66,68,669,45,645292,681862,1197,890,10.7912087912088,30.795008912656,32.3885119855269,29.0936,28.6104253170239,3,3,104,11,4.67008938380063,3.16970421272782,-0.188222410506631,6
"157","Ker-060",8.50416666666667,"Kerr","covered","midroom",57,8,0.1403508772,"July",398,6,39.9838942,-105.12588,1622,2324.05,41,32.48671,10.026761,40.90919,42.74265,15.8924168,65.17395,44.5761165,3.01559595,"US",2.191,2.576,1,3479.3,4051,291539,104792,85338,2005,162,40.3,2089,0.47,829,337,51.66,68,669,45,645292,681862,1197,890,10.7912087912088,30.795008912656,32.3885119855269,29.0936,28.6104253170239,6,2,359,17,4.62610373636377,3.39223708648489,-0.188222410506631,6
"158","Ker-060",8.50416666666667,"Kerr","covered","midroom",57,8,0.1403508772,"June",52,6,39.9838942,-105.12588,1622,2324.05,41,32.48671,10.026761,40.90919,42.74265,15.8924168,65.17395,44.5761165,3.01559595,"US",2.191,2.576,1,3479.3,4051,291539,104792,85338,2005,162,40.3,2089,0.47,829,337,51.66,68,669,45,645292,681862,1197,890,10.7912087912088,30.795008912656,32.3885119855269,29.0936,28.6104253170239,10,2,5,5,5,5,-0.188222410506631,6
"159","Liv-061",9.69975,"Living Harvest","uncovered","backroom",53,6,0.1132075472,"August",121,7,40.0503025,-105.26092,1642,1055.85,30,25.01677,20.76972,20.54054,15.12609,4.44758488,0,0.2291831,3.01559595,"US",2.191,2.576,1,3558.3,4143,537270,127997,102320,1522,209,53.9,1580,-0.18,327,89,54.55,33,388,40,827932,836783,1126,1049,33.2899408284024,23.1276400367309,23.8531967030519,23.8054,24.8280852507208,11,6,39,5,2.95287717756606,2.15918367346939,1.050281050627,12
"160","Liv-061",9.69975,"Living Harvest","uncovered","backroom",53,6,0.1132075472,"July",153,7,40.0503025,-105.26092,1642,1055.85,30,25.01677,20.76972,20.54054,15.12609,4.44758488,0,0.2291831,3.01559595,"US",2.191,2.576,1,3558.3,4143,537270,127997,102320,1522,209,53.9,1580,-0.18,327,89,54.55,33,388,40,827932,836783,1126,1049,33.2899408284024,23.1276400367309,23.8531967030519,23.8054,24.8280852507208,9,89,40,11,6.34052799712913,4.40192926045016,1.050281050627,12
"161","Liv-061",9.69975,"Living Harvest","uncovered","backroom",53,6,0.1132075472,"June",187,7,40.0503025,-105.26092,1642,1055.85,30,25.01677,20.76972,20.54054,15.12609,4.44758488,0,0.2291831,3.01559595,"US",2.191,2.576,1,3558.3,4143,537270,127997,102320,1522,209,53.9,1580,-0.18,327,89,54.55,33,388,40,827932,836783,1126,1049,33.2899408284024,23.1276400367309,23.8531967030519,23.8054,24.8280852507208,62,21,4,2,2,2,1.050281050627,12
"162","Liv-062",11.679,"Living Harvest","uncovered","midroom",33,2,0.06060606061,"August",121,7,40.0503025,-105.26092,1642,1055.85,30,25.01677,20.76972,20.54054,15.12609,4.44758488,0,0.2291831,3.01559595,"US",2.191,2.576,1,3558.3,4143,537270,127997,102320,1522,209,53.9,1580,-0.18,327,89,54.55,33,388,40,827932,836783,1126,1049,33.2899408284024,23.1276400367309,23.8531967030519,23.8054,24.8280852507208,11,6,39,5,2.95287717756606,2.15918367346939,1.050281050627,6
"163","Liv-062",11.679,"Living Harvest","uncovered","midroom",33,2,0.06060606061,"July",153,7,40.0503025,-105.26092,1642,1055.85,30,25.01677,20.76972,20.54054,15.12609,4.44758488,0,0.2291831,3.01559595,"US",2.191,2.576,1,3558.3,4143,537270,127997,102320,1522,209,53.9,1580,-0.18,327,89,54.55,33,388,40,827932,836783,1126,1049,33.2899408284024,23.1276400367309,23.8531967030519,23.8054,24.8280852507208,9,89,40,11,6.34052799712913,4.40192926045016,1.050281050627,6
"164","Liv-062",11.679,"Living Harvest","uncovered","midroom",33,2,0.06060606061,"June",187,7,40.0503025,-105.26092,1642,1055.85,30,25.01677,20.76972,20.54054,15.12609,4.44758488,0,0.2291831,3.01559595,"US",2.191,2.576,1,3558.3,4143,537270,127997,102320,1522,209,53.9,1580,-0.18,327,89,54.55,33,388,40,827932,836783,1126,1049,33.2899408284024,23.1276400367309,23.8531967030519,23.8054,24.8280852507208,62,21,4,2,2,2,1.050281050627,6
"165","Liv-063",12.3881428571429,"Living Harvest","uncovered","backroom",112,9,0.08035714286,"August",121,7,40.0503025,-105.26092,1642,1055.85,30,25.01677,20.76972,20.54054,15.12609,4.44758488,0,0.2291831,3.01559595,"US",2.191,2.576,1,3558.3,4143,537270,127997,102320,1522,209,53.9,1580,-0.18,327,89,54.55,33,388,40,827932,836783,1126,1049,33.2899408284024,23.1276400367309,23.8531967030519,23.8054,24.8280852507208,11,6,39,5,2.95287717756606,2.15918367346939,1.050281050627,7
"166","Liv-063",12.3881428571429,"Living Harvest","uncovered","backroom",112,9,0.08035714286,"July",153,7,40.0503025,-105.26092,1642,1055.85,30,25.01677,20.76972,20.54054,15.12609,4.44758488,0,0.2291831,3.01559595,"US",2.191,2.576,1,3558.3,4143,537270,127997,102320,1522,209,53.9,1580,-0.18,327,89,54.55,33,388,40,827932,836783,1126,1049,33.2899408284024,23.1276400367309,23.8531967030519,23.8054,24.8280852507208,9,89,40,11,6.34052799712913,4.40192926045016,1.050281050627,7
"167","Liv-063",12.3881428571429,"Living Harvest","uncovered","backroom",112,9,0.08035714286,"June",187,7,40.0503025,-105.26092,1642,1055.85,30,25.01677,20.76972,20.54054,15.12609,4.44758488,0,0.2291831,3.01559595,"US",2.191,2.576,1,3558.3,4143,537270,127997,102320,1522,209,53.9,1580,-0.18,327,89,54.55,33,388,40,827932,836783,1126,1049,33.2899408284024,23.1276400367309,23.8531967030519,23.8054,24.8280852507208,62,21,4,2,2,2,1.050281050627,7
"168","Liv-064",10.5866,"Living Harvest","uncovered","midroom",91,7,0.07692307692,"August",121,7,40.0503025,-105.26092,1642,1055.85,30,25.01677,20.76972,20.54054,15.12609,4.44758488,0,0.2291831,3.01559595,"US",2.191,2.576,1,3558.3,4143,537270,127997,102320,1522,209,53.9,1580,-0.18,327,89,54.55,33,388,40,827932,836783,1126,1049,33.2899408284024,23.1276400367309,23.8531967030519,23.8054,24.8280852507208,11,6,39,5,2.95287717756606,2.15918367346939,1.050281050627,5
"169","Liv-064",10.5866,"Living Harvest","uncovered","midroom",91,7,0.07692307692,"July",153,7,40.0503025,-105.26092,1642,1055.85,30,25.01677,20.76972,20.54054,15.12609,4.44758488,0,0.2291831,3.01559595,"US",2.191,2.576,1,3558.3,4143,537270,127997,102320,1522,209,53.9,1580,-0.18,327,89,54.55,33,388,40,827932,836783,1126,1049,33.2899408284024,23.1276400367309,23.8531967030519,23.8054,24.8280852507208,9,89,40,11,6.34052799712913,4.40192926045016,1.050281050627,5
"170","Liv-064",10.5866,"Living Harvest","uncovered","midroom",91,7,0.07692307692,"June",187,7,40.0503025,-105.26092,1642,1055.85,30,25.01677,20.76972,20.54054,15.12609,4.44758488,0,0.2291831,3.01559595,"US",2.191,2.576,1,3558.3,4143,537270,127997,102320,1522,209,53.9,1580,-0.18,327,89,54.55,33,388,40,827932,836783,1126,1049,33.2899408284024,23.1276400367309,23.8531967030519,23.8054,24.8280852507208,62,21,4,2,2,2,1.050281050627,5
"171","Liv-065",15.3972,"Living Harvest","uncovered","backroom",126,13,0.1031746032,"August",121,7,40.0503025,-105.26092,1642,1055.85,30,25.01677,20.76972,20.54054,15.12609,4.44758488,0,0.2291831,3.01559595,"US",2.191,2.576,1,3558.3,4143,537270,127997,102320,1522,209,53.9,1580,-0.18,327,89,54.55,33,388,40,827932,836783,1126,1049,33.2899408284024,23.1276400367309,23.8531967030519,23.8054,24.8280852507208,11,6,39,5,2.95287717756606,2.15918367346939,1.050281050627,5
"172","Liv-065",15.3972,"Living Harvest","uncovered","backroom",126,13,0.1031746032,"July",153,7,40.0503025,-105.26092,1642,1055.85,30,25.01677,20.76972,20.54054,15.12609,4.44758488,0,0.2291831,3.01559595,"US",2.191,2.576,1,3558.3,4143,537270,127997,102320,1522,209,53.9,1580,-0.18,327,89,54.55,33,388,40,827932,836783,1126,1049,33.2899408284024,23.1276400367309,23.8531967030519,23.8054,24.8280852507208,9,89,40,11,6.34052799712913,4.40192926045016,1.050281050627,5
"173","Liv-065",15.3972,"Living Harvest","uncovered","backroom",126,13,0.1031746032,"June",187,7,40.0503025,-105.26092,1642,1055.85,30,25.01677,20.76972,20.54054,15.12609,4.44758488,0,0.2291831,3.01559595,"US",2.191,2.576,1,3558.3,4143,537270,127997,102320,1522,209,53.9,1580,-0.18,327,89,54.55,33,388,40,827932,836783,1126,1049,33.2899408284024,23.1276400367309,23.8531967030519,23.8054,24.8280852507208,62,21,4,2,2,2,1.050281050627,5
"174","Liv-066",15.062,"Living Harvest","covered","midroom",153,8,0.0522875817,"August",121,7,40.0503025,-105.26092,1642,1055.85,30,25.01677,20.76972,20.54054,15.12609,4.44758488,0,0.2291831,3.01559595,"US",2.191,2.576,1,3558.3,4143,537270,127997,102320,1522,209,53.9,1580,-0.18,327,89,54.55,33,388,40,827932,836783,1126,1049,33.2899408284024,23.1276400367309,23.8531967030519,23.8054,24.8280852507208,11,6,39,5,2.95287717756606,2.15918367346939,1.050281050627,1
"175","Liv-066",15.062,"Living Harvest","covered","midroom",153,8,0.0522875817,"July",153,7,40.0503025,-105.26092,1642,1055.85,30,25.01677,20.76972,20.54054,15.12609,4.44758488,0,0.2291831,3.01559595,"US",2.191,2.576,1,3558.3,4143,537270,127997,102320,1522,209,53.9,1580,-0.18,327,89,54.55,33,388,40,827932,836783,1126,1049,33.2899408284024,23.1276400367309,23.8531967030519,23.8054,24.8280852507208,9,89,40,11,6.34052799712913,4.40192926045016,1.050281050627,1
"176","Liv-066",15.062,"Living Harvest","covered","midroom",153,8,0.0522875817,"June",187,7,40.0503025,-105.26092,1642,1055.85,30,25.01677,20.76972,20.54054,15.12609,4.44758488,0,0.2291831,3.01559595,"US",2.191,2.576,1,3558.3,4143,537270,127997,102320,1522,209,53.9,1580,-0.18,327,89,54.55,33,388,40,827932,836783,1126,1049,33.2899408284024,23.1276400367309,23.8531967030519,23.8054,24.8280852507208,62,21,4,2,2,2,1.050281050627,1
"177","Liv-067",17.4963333333333,"Living Harvest","covered","backroom",60,4,0.06666666667,"August",121,7,40.0503025,-105.26092,1642,1055.85,30,25.01677,20.76972,20.54054,15.12609,4.44758488,0,0.2291831,3.01559595,"US",2.191,2.576,1,3558.3,4143,537270,127997,102320,1522,209,53.9,1580,-0.18,327,89,54.55,33,388,40,827932,836783,1126,1049,33.2899408284024,23.1276400367309,23.8531967030519,23.8054,24.8280852507208,11,6,39,5,2.95287717756606,2.15918367346939,1.050281050627,3
"178","Liv-067",17.4963333333333,"Living Harvest","covered","backroom",60,4,0.06666666667,"July",153,7,40.0503025,-105.26092,1642,1055.85,30,25.01677,20.76972,20.54054,15.12609,4.44758488,0,0.2291831,3.01559595,"US",2.191,2.576,1,3558.3,4143,537270,127997,102320,1522,209,53.9,1580,-0.18,327,89,54.55,33,388,40,827932,836783,1126,1049,33.2899408284024,23.1276400367309,23.8531967030519,23.8054,24.8280852507208,9,89,40,11,6.34052799712913,4.40192926045016,1.050281050627,3
"179","Liv-067",17.4963333333333,"Living Harvest","covered","backroom",60,4,0.06666666667,"June",187,7,40.0503025,-105.26092,1642,1055.85,30,25.01677,20.76972,20.54054,15.12609,4.44758488,0,0.2291831,3.01559595,"US",2.191,2.576,1,3558.3,4143,537270,127997,102320,1522,209,53.9,1580,-0.18,327,89,54.55,33,388,40,827932,836783,1126,1049,33.2899408284024,23.1276400367309,23.8531967030519,23.8054,24.8280852507208,62,21,4,2,2,2,1.050281050627,3
"180","Liv-068",19.985,"Living Harvest","covered","midroom",29,3,0.1034482759,"August",121,7,40.0503025,-105.26092,1642,1055.85,30,25.01677,20.76972,20.54054,15.12609,4.44758488,0,0.2291831,3.01559595,"US",2.191,2.576,1,3558.3,4143,537270,127997,102320,1522,209,53.9,1580,-0.18,327,89,54.55,33,388,40,827932,836783,1126,1049,33.2899408284024,23.1276400367309,23.8531967030519,23.8054,24.8280852507208,11,6,39,5,2.95287717756606,2.15918367346939,1.050281050627,1
"181","Liv-068",19.985,"Living Harvest","covered","midroom",29,3,0.1034482759,"July",153,7,40.0503025,-105.26092,1642,1055.85,30,25.01677,20.76972,20.54054,15.12609,4.44758488,0,0.2291831,3.01559595,"US",2.191,2.576,1,3558.3,4143,537270,127997,102320,1522,209,53.9,1580,-0.18,327,89,54.55,33,388,40,827932,836783,1126,1049,33.2899408284024,23.1276400367309,23.8531967030519,23.8054,24.8280852507208,9,89,40,11,6.34052799712913,4.40192926045016,1.050281050627,1
"182","Liv-068",19.985,"Living Harvest","covered","midroom",29,3,0.1034482759,"June",187,7,40.0503025,-105.26092,1642,1055.85,30,25.01677,20.76972,20.54054,15.12609,4.44758488,0,0.2291831,3.01559595,"US",2.191,2.576,1,3558.3,4143,537270,127997,102320,1522,209,53.9,1580,-0.18,327,89,54.55,33,388,40,827932,836783,1126,1049,33.2899408284024,23.1276400367309,23.8531967030519,23.8054,24.8280852507208,62,21,4,2,2,2,1.050281050627,1
"183","Liv-069",12.259,"Living Harvest","covered","backroom",85,6,0.07058823529,"August",121,7,40.0503025,-105.26092,1642,1055.85,30,25.01677,20.76972,20.54054,15.12609,4.44758488,0,0.2291831,3.01559595,"US",2.191,2.576,1,3558.3,4143,537270,127997,102320,1522,209,53.9,1580,-0.18,327,89,54.55,33,388,40,827932,836783,1126,1049,33.2899408284024,23.1276400367309,23.8531967030519,23.8054,24.8280852507208,11,6,39,5,2.95287717756606,2.15918367346939,1.050281050627,1
"184","Liv-069",12.259,"Living Harvest","covered","backroom",85,6,0.07058823529,"July",153,7,40.0503025,-105.26092,1642,1055.85,30,25.01677,20.76972,20.54054,15.12609,4.44758488,0,0.2291831,3.01559595,"US",2.191,2.576,1,3558.3,4143,537270,127997,102320,1522,209,53.9,1580,-0.18,327,89,54.55,33,388,40,827932,836783,1126,1049,33.2899408284024,23.1276400367309,23.8531967030519,23.8054,24.8280852507208,9,89,40,11,6.34052799712913,4.40192926045016,1.050281050627,1
"185","Liv-069",12.259,"Living Harvest","covered","backroom",85,6,0.07058823529,"June",187,7,40.0503025,-105.26092,1642,1055.85,30,25.01677,20.76972,20.54054,15.12609,4.44758488,0,0.2291831,3.01559595,"US",2.191,2.576,1,3558.3,4143,537270,127997,102320,1522,209,53.9,1580,-0.18,327,89,54.55,33,388,40,827932,836783,1126,1049,33.2899408284024,23.1276400367309,23.8531967030519,23.8054,24.8280852507208,62,21,4,2,2,2,1.050281050627,1
"186","Liv-070",15.344,"Living Harvest","covered","midroom",110,5,0.04545454545,"August",121,7,40.0503025,-105.26092,1642,1055.85,30,25.01677,20.76972,20.54054,15.12609,4.44758488,0,0.2291831,3.01559595,"US",2.191,2.576,1,3558.3,4143,537270,127997,102320,1522,209,53.9,1580,-0.18,327,89,54.55,33,388,40,827932,836783,1126,1049,33.2899408284024,23.1276400367309,23.8531967030519,23.8054,24.8280852507208,11,6,39,5,2.95287717756606,2.15918367346939,1.050281050627,3
"187","Liv-070",15.344,"Living Harvest","covered","midroom",110,5,0.04545454545,"July",153,7,40.0503025,-105.26092,1642,1055.85,30,25.01677,20.76972,20.54054,15.12609,4.44758488,0,0.2291831,3.01559595,"US",2.191,2.576,1,3558.3,4143,537270,127997,102320,1522,209,53.9,1580,-0.18,327,89,54.55,33,388,40,827932,836783,1126,1049,33.2899408284024,23.1276400367309,23.8531967030519,23.8054,24.8280852507208,9,89,40,11,6.34052799712913,4.40192926045016,1.050281050627,3
"188","Liv-070",15.344,"Living Harvest","covered","midroom",110,5,0.04545454545,"June",187,7,40.0503025,-105.26092,1642,1055.85,30,25.01677,20.76972,20.54054,15.12609,4.44758488,0,0.2291831,3.01559595,"US",2.191,2.576,1,3558.3,4143,537270,127997,102320,1522,209,53.9,1580,-0.18,327,89,54.55,33,388,40,827932,836783,1126,1049,33.2899408284024,23.1276400367309,23.8531967030519,23.8054,24.8280852507208,62,21,4,2,2,2,1.050281050627,3
